"Retailer_ID","recency","frequency","monetary","r_score","f_score","m_score","total_rfm_score","segmentasi"
RTL3430,27,4,13001.54,4,1,1,6,hibernating
RTL3556,278,4,12419.3,2,1,1,4,lost
RTL2682,365,1,257.36,1,1,1,3,lost
RTL4825,658,1,4855.38,1,1,1,3,lost
RTL2236,222,4,3979.26,2,1,1,4,lost
RTL2999,658,2,12196.2,1,1,1,3,lost
RTL2750,93,2,8478.6,3,1,1,5,hibernating
RTL1007,220,2,2760.4,2,1,1,4,lost
RTL1565,537,2,2933.71,1,1,1,3,lost
RTL2883,416,1,193.3,1,1,1,3,lost
RTL1321,245,1,10364.14,2,1,1,4,lost
RTL2553,101,3,18424.94,3,1,1,5,hibernating
RTL2518,476,2,20595.05,1,1,1,3,lost
RTL3976,395,2,13297.4,1,1,1,3,lost
RTL4512,136,2,4457.54,3,1,1,5,hibernating
RTL4073,123,3,18724.13,3,1,1,5,hibernating
RTL1628,241,2,442545.95,2,1,4,7,at risk
RTL1945,214,3,8271.3,2,1,1,4,lost
RTL1865,261,3,6982.26,2,1,1,4,lost
RTL3615,612,1,8998.92,1,1,1,3,lost
RTL1537,776,1,562.73,1,1,1,3,lost
RTL4607,307,1,8116.8,1,1,1,3,lost
RTL1210,366,1,2656.85,1,1,1,3,lost
RTL1166,744,1,12990.24,1,1,1,3,lost
RTL1939,497,2,15021.23,1,1,1,3,lost
RTL3585,199,2,2550.48,2,1,1,4,lost
RTL1201,26,3,676758.48,4,1,4,9,loyal
RTL1409,177,4,7867.65,2,1,1,4,lost
RTL4933,19,1,156.61,4,1,1,6,hibernating
RTL2890,115,4,13953.71,3,1,1,5,hibernating
RTL4848,359,1,1839.72,1,1,1,3,lost
RTL2277,220,3,3809.09,2,1,1,4,lost
RTL2037,309,2,14066.25,1,1,1,3,lost
RTL4508,256,3,8672.68,2,1,1,4,lost
RTL4688,230,2,9835.5,2,1,1,4,lost
RTL1450,100,2,451.84,3,1,1,5,hibernating
RTL2818,241,1,476.32,2,1,1,4,lost
RTL3223,327,4,10222.78,1,1,1,3,lost
RTL1803,646,1,5639.45,1,1,1,3,lost
RTL4901,628,3,4775.44,1,1,1,3,lost
RTL2694,115,1,624.62,3,1,1,5,hibernating
RTL2449,221,4,27840.64,2,1,1,4,lost
RTL1937,229,2,12617.43,2,1,1,4,lost
RTL3885,113,4,5033.49,3,1,1,5,hibernating
RTL2708,262,2,1824.23,2,1,1,4,lost
RTL3560,238,4,23470.39,2,1,1,4,lost
RTL1550,308,2,130.58,1,1,1,3,lost
RTL1916,124,6,22406.96,3,1,1,5,hibernating
RTL3908,161,5,14502.69,2,1,1,4,lost
RTL4074,350,2,12387.54,1,1,1,3,lost
RTL4746,627,3,8254.97,1,1,1,3,lost
RTL1485,73,3,1878853.23,3,1,4,8,at risk
RTL3619,575,2,7374.01,1,1,1,3,lost
RTL1578,244,2,7184.41,2,1,1,4,lost
RTL3173,150,2,4774.42,3,1,1,5,hibernating
RTL4071,136,2,8934.14,3,1,1,5,hibernating
RTL1302,787,2,14866.6,1,1,1,3,lost
RTL2183,249,3,9253.62,2,1,1,4,lost
RTL3442,49,2,766.92,4,1,1,6,hibernating
RTL2897,17,3,17659.14,4,1,1,6,hibernating
RTL4140,220,4,35312.44,2,1,1,4,lost
RTL4878,211,2,1499.44,2,1,1,4,lost
RTL2456,81,3,15051.14,3,1,1,5,hibernating
RTL1034,698,1,1338.63,1,1,1,3,lost
RTL2340,282,3,5045.85,2,1,1,4,lost
RTL4159,124,3,14034.78,3,1,1,5,hibernating
RTL1452,94,5,13115.03,3,1,1,5,hibernating
RTL2785,60,1,9624.42,3,1,1,5,hibernating
RTL3586,238,4,20409.86,2,1,1,4,lost
RTL4794,237,2,2922.24,2,1,1,4,lost
RTL4096,256,2,14802.17,2,1,1,4,lost
RTL2869,300,2,6908.98,2,1,1,4,lost
RTL3861,127,2,14138.34,3,1,1,5,hibernating
RTL2856,678,2,7685.0,1,1,1,3,lost
RTL3934,264,4,10849.87,2,1,1,4,lost
RTL2090,27,2,21102.13,4,1,1,6,hibernating
RTL1861,77,3,18167.38,3,1,1,5,hibernating
RTL2109,221,2,630.04,2,1,1,4,lost
RTL3727,10,5,25270.4,4,1,1,6,hibernating
RTL3670,782,2,7923.65,1,1,1,3,lost
RTL2914,374,2,20104.94,1,1,1,3,lost
RTL2264,342,2,5300.18,1,1,1,3,lost
RTL3334,562,1,3942.38,1,1,1,3,lost
RTL3135,743,1,884.3,1,1,1,3,lost
RTL1665,628,1,3627.68,1,1,1,3,lost
RTL4728,217,4,3799669.05,2,1,4,7,at risk
RTL3048,105,2,1633.7,3,1,1,5,hibernating
RTL3071,121,3,22984.27,3,1,1,5,hibernating
RTL4260,222,5,13531.33,2,1,1,4,lost
RTL2430,201,4,20330.5,2,1,1,4,lost
RTL4627,68,4,29074.95,3,1,1,5,hibernating
RTL2807,798,2,4191.51,1,1,1,3,lost
RTL1347,528,2,6605.55,1,1,1,3,lost
RTL4903,160,6,36107.18,2,1,1,4,lost
RTL3693,201,1,2342.92,2,1,1,4,lost
RTL1522,233,5,8296.11,2,1,1,4,lost
RTL3045,333,2,9829.69,1,1,1,3,lost
RTL4847,326,4,16967.35,1,1,1,3,lost
RTL1049,211,1,4531.56,2,1,1,4,lost
RTL4827,270,1,23.49,2,1,1,4,lost
RTL2855,224,4,10146.51,2,1,1,4,lost
RTL1377,111,2,1055853.73,3,1,4,8,at risk
RTL1806,139,2,2985.22,3,1,1,5,hibernating
RTL1246,49,5,33913.45,4,1,1,6,hibernating
RTL4179,82,2,5972.98,3,1,1,5,hibernating
RTL2441,200,3,3585.83,2,1,1,4,lost
RTL1171,98,4,14369.48,3,1,1,5,hibernating
RTL3698,786,1,232.66,1,1,1,3,lost
RTL2377,171,2,4036.9,2,1,1,4,lost
RTL2263,296,2,4658.7,2,1,1,4,lost
RTL3308,240,3,8469.2,2,1,1,4,lost
RTL3795,5,3,2951.09,4,1,1,6,hibernating
RTL2265,2,5,37215.34,4,1,1,6,hibernating
RTL1281,162,3,9483.9,2,1,1,4,lost
RTL2578,248,1,3878.43,2,1,1,4,lost
RTL3284,262,6,5891.28,2,1,1,4,lost
RTL1432,25,3,18254.58,4,1,1,6,hibernating
RTL3248,181,1,273.78,2,1,1,4,lost
RTL1652,687,1,6817.95,1,1,1,3,lost
RTL3459,63,3,5247.04,3,1,1,5,hibernating
RTL3817,245,3,2068.93,2,1,1,4,lost
RTL1397,28,3,20629.41,4,1,1,6,hibernating
RTL2035,811,2,213481.3,1,1,3,5,hibernating
RTL1330,267,2,2505.01,2,1,1,4,lost
RTL4347,275,2,4264.69,2,1,1,4,lost
RTL3937,688,1,2087.01,1,1,1,3,lost
RTL1300,316,4,10102.05,1,1,1,3,lost
RTL2547,553,1,1325.75,1,1,1,3,lost
RTL3265,319,4,25539.73,1,1,1,3,lost
RTL3375,312,1,2921.79,1,1,1,3,lost
RTL1343,357,3,2206.43,1,1,1,3,lost
RTL4161,191,3,2719.17,2,1,1,4,lost
RTL4025,587,2,1416.76,1,1,1,3,lost
RTL3850,472,1,1198.8,1,1,1,3,lost
RTL3520,436,1,18.0,1,1,1,3,lost
RTL1308,90,4,11993.65,3,1,1,5,hibernating
RTL3277,215,2,12705.37,2,1,1,4,lost
RTL1999,121,1,394.0,3,1,1,5,hibernating
RTL3549,102,3,7551.7,3,1,1,5,hibernating
RTL1426,198,6,15719.77,2,1,1,4,lost
RTL1653,281,2,6572.36,2,1,1,4,lost
RTL1257,238,3,4299.77,2,1,1,4,lost
RTL1844,199,3,20033.47,2,1,1,4,lost
RTL3345,250,1,4009.2,2,1,1,4,lost
RTL1459,165,6,24027.59,2,1,1,4,lost
RTL1521,314,1,9306.9,1,1,1,3,lost
RTL3681,222,3,25586.91,2,1,1,4,lost
RTL3139,193,1,11165.94,2,1,1,4,lost
RTL1170,139,3,15749.52,3,1,1,5,hibernating
RTL3796,526,1,15.55,1,1,1,3,lost
RTL2333,410,1,8154.09,1,1,1,3,lost
RTL1772,101,5,3791507.61,3,1,4,8,at risk
RTL2165,10,4,7185.58,4,1,1,6,hibernating
RTL4874,185,3,6867.28,2,1,1,4,lost
RTL3678,178,5,12455.07,2,1,1,4,lost
RTL2233,150,4,5924.98,3,1,1,5,hibernating
RTL3252,157,1,1556.83,2,1,1,4,lost
RTL3468,332,1,3272.72,1,1,1,3,lost
RTL1793,684,1,555.68,1,1,1,3,lost
RTL1184,594,1,8283.0,1,1,1,3,lost
RTL3418,302,2,16808.57,1,1,1,3,lost
RTL2215,110,4,18960.47,3,1,1,5,hibernating
RTL2171,209,4,1561675.78,2,1,4,7,at risk
RTL4873,10,5,19842.17,4,1,1,6,hibernating
RTL4030,389,1,4269.45,1,1,1,3,lost
RTL4646,105,4,7007.45,3,1,1,5,hibernating
RTL4286,33,5,30567.49,4,1,1,6,hibernating
RTL2860,399,1,6343.62,1,1,1,3,lost
RTL1705,373,2,10120.39,1,1,1,3,lost
RTL1891,89,3,4451.93,3,1,1,5,hibernating
RTL3673,201,3,19799.96,2,1,1,4,lost
RTL1669,37,1,3216.56,4,1,1,6,hibernating
RTL1600,258,1,9103.84,2,1,1,4,lost
RTL1872,261,4,13705.66,2,1,1,4,lost
RTL3561,324,3,14178.7,1,1,1,3,lost
RTL2186,456,1,387.18,1,1,1,3,lost
RTL1060,523,1,1737.33,1,1,1,3,lost
RTL1701,44,2,110869.14,4,1,3,8,at risk
RTL2073,273,1,13747.9,2,1,1,4,lost
RTL3938,150,2,15208.48,3,1,1,5,hibernating
RTL1533,359,3,13446.94,1,1,1,3,lost
RTL4268,24,7,2553218.34,4,1,4,9,loyal
RTL3143,278,2,1482859.36,2,1,4,7,at risk
RTL1778,272,2,18834.03,2,1,1,4,lost
RTL4844,271,3,1696307.33,2,1,4,7,at risk
RTL4816,6,5,33444.0,4,1,1,6,hibernating
RTL2470,125,6,19419.03,3,1,1,5,hibernating
RTL1157,289,2,6534.15,2,1,1,4,lost
RTL1723,206,3,2421.95,2,1,1,4,lost
RTL1043,200,4,23446.43,2,1,1,4,lost
RTL3374,204,2,2986.36,2,1,1,4,lost
RTL2863,571,2,10558.31,1,1,1,3,lost
RTL4459,351,4,13450.78,1,1,1,3,lost
RTL1214,357,2,1645.42,1,1,1,3,lost
RTL3558,206,2,16156.08,2,1,1,4,lost
RTL1191,279,4,19753.78,2,1,1,4,lost
RTL4466,721,1,2059.97,1,1,1,3,lost
RTL1488,60,3,13518.45,3,1,1,5,hibernating
RTL1161,293,1,14307.19,2,1,1,4,lost
RTL4003,313,2,3141.65,1,1,1,3,lost
RTL1813,188,5,16038.58,2,1,1,4,lost
RTL3654,304,1,3448.75,1,1,1,3,lost
RTL4703,18,3,1226.84,4,1,1,6,hibernating
RTL4348,244,1,11893.34,2,1,1,4,lost
RTL2125,212,2,3879.06,2,1,1,4,lost
RTL1516,183,1,583.02,2,1,1,4,lost
RTL1734,232,2,3429.6,2,1,1,4,lost
RTL4384,303,1,8499.25,1,1,1,3,lost
RTL4044,365,1,85.32,1,1,1,3,lost
RTL1884,28,3,7303.79,4,1,1,6,hibernating
RTL3660,667,2,27948.31,1,1,1,3,lost
RTL4502,60,6,25814.82,3,1,1,5,hibernating
RTL4742,326,2,2405.45,1,1,1,3,lost
RTL4145,319,2,1640.92,1,1,1,3,lost
RTL2189,220,3,682804.11,2,1,4,7,at risk
RTL2213,42,2,3293.69,4,1,1,6,hibernating
RTL4980,537,1,10350.1,1,1,1,3,lost
RTL4337,621,1,2150.15,1,1,1,3,lost
RTL1189,164,5,18967.97,2,1,1,4,lost
RTL4990,226,3,21449.87,2,1,1,4,lost
RTL4125,22,3,4186.47,4,1,1,6,hibernating
RTL3391,237,3,21478.26,2,1,1,4,lost
RTL4381,379,1,2232.56,1,1,1,3,lost
RTL3419,241,3,991756.8,2,1,4,7,at risk
RTL4983,538,2,4013.81,1,1,1,3,lost
RTL3145,324,1,1529.08,1,1,1,3,lost
RTL4884,177,4,14593.08,2,1,1,4,lost
RTL4085,305,2,15817.67,1,1,1,3,lost
RTL2529,279,1,284.36,2,1,1,4,lost
RTL2029,172,5,9544.81,2,1,1,4,lost
RTL2116,734,2,330.83,1,1,1,3,lost
RTL4851,55,3,2296.44,3,1,1,5,hibernating
RTL4052,206,2,5777.1,2,1,1,4,lost
RTL2882,359,1,1173.69,1,1,1,3,lost
RTL2592,63,2,615.22,3,1,1,5,hibernating
RTL4700,381,1,2576.56,1,1,1,3,lost
RTL1437,715,1,8882.46,1,1,1,3,lost
RTL3777,110,3,14794.95,3,1,1,5,hibernating
RTL4662,52,6,7465.29,3,1,1,5,hibernating
RTL4024,364,3,7846.94,1,1,1,3,lost
RTL4866,42,3,11867.05,4,1,1,6,hibernating
RTL4877,276,3,10242.05,2,1,1,4,lost
RTL1430,329,2,5782.67,1,1,1,3,lost
RTL2020,196,5,21532.7,2,1,1,4,lost
RTL4144,71,5,14628.51,3,1,1,5,hibernating
RTL1066,120,3,11652.52,3,1,1,5,hibernating
RTL3813,111,2,5163.7,3,1,1,5,hibernating
RTL4643,199,2,1721.4,2,1,1,4,lost
RTL4430,48,4,22187.32,4,1,1,6,hibernating
RTL2791,832,1,3743.84,1,1,1,3,lost
RTL4905,332,2,14343.04,1,1,1,3,lost
RTL1928,229,3,932.2,2,1,1,4,lost
RTL1025,266,2,1136.11,2,1,1,4,lost
RTL2182,485,3,10106.57,1,1,1,3,lost
RTL3421,360,2,8415.72,1,1,1,3,lost
RTL4900,186,1,4975.83,2,1,1,4,lost
RTL1153,231,3,9009.39,2,1,1,4,lost
RTL1998,292,2,5261.15,2,1,1,4,lost
RTL1207,146,5,17720.35,3,1,1,5,hibernating
RTL2865,839,1,151.97,1,1,1,3,lost
RTL1703,290,3,18328.29,2,1,1,4,lost
RTL2123,752,1,343.22,1,1,1,3,lost
RTL1656,626,2,17959.13,1,1,1,3,lost
RTL3300,90,5,38730.65,3,1,1,5,hibernating
RTL3055,281,3,8164.18,2,1,1,4,lost
RTL3393,241,2,961.34,2,1,1,4,lost
RTL3073,23,5,19338.32,4,1,1,6,hibernating
RTL4341,104,3,1903905.15,3,1,4,8,at risk
RTL2752,785,1,9688.3,1,1,1,3,lost
RTL4531,115,3,12584.58,3,1,1,5,hibernating
RTL4829,72,4,18242.53,3,1,1,5,hibernating
RTL2721,412,3,6053.95,1,1,1,3,lost
RTL1088,339,2,6187.5,1,1,1,3,lost
RTL1493,87,1,1873.84,3,1,1,5,hibernating
RTL2380,73,3,4838.64,3,1,1,5,hibernating
RTL2370,58,5,11909.98,3,1,1,5,hibernating
RTL2633,617,2,12965.62,1,1,1,3,lost
RTL3220,441,2,1572.24,1,1,1,3,lost
RTL1195,222,2,9146.36,2,1,1,4,lost
RTL1733,23,4,19189.49,4,1,1,6,hibernating
RTL4557,767,1,10834.45,1,1,1,3,lost
RTL4298,164,1,9200.88,2,1,1,4,lost
RTL1132,314,2,5919.62,1,1,1,3,lost
RTL3272,56,1,50.58,3,1,1,5,hibernating
RTL4731,272,2,19769.39,2,1,1,4,lost
RTL1671,411,2,2533.18,1,1,1,3,lost
RTL1741,63,4,16196.39,3,1,1,5,hibernating
RTL1691,732,1,189.49,1,1,1,3,lost
RTL2446,141,3,2565.31,3,1,1,5,hibernating
RTL3187,723,1,4341.5,1,1,1,3,lost
RTL3658,208,7,20725.01,2,1,1,4,lost
RTL1489,213,3,18710.82,2,1,1,4,lost
RTL2875,201,4,20902.69,2,1,1,4,lost
RTL4423,353,1,2675.88,1,1,1,3,lost
RTL3672,127,1,1275.26,3,1,1,5,hibernating
RTL2489,293,1,659.98,2,1,1,4,lost
RTL1988,289,1,5066.36,2,1,1,4,lost
RTL2389,94,3,7932.74,3,1,1,5,hibernating
RTL3963,103,2,194.54,3,1,1,5,hibernating
RTL1147,56,4,11171.22,3,1,1,5,hibernating
RTL3407,540,1,530.56,1,1,1,3,lost
RTL3218,255,2,5724.84,2,1,1,4,lost
RTL3465,205,5,33372.12,2,1,1,4,lost
RTL1190,22,2,11078.45,4,1,1,6,hibernating
RTL3509,451,1,272.96,1,1,1,3,lost
RTL4594,209,3,2306.54,2,1,1,4,lost
RTL3832,383,1,125.99,1,1,1,3,lost
RTL3949,90,3,4671.55,3,1,1,5,hibernating
RTL3216,207,2,1010.32,2,1,1,4,lost
RTL2288,433,1,549.31,1,1,1,3,lost
RTL3642,576,1,426.36,1,1,1,3,lost
RTL1531,56,4,12221.66,3,1,1,5,hibernating
RTL2250,452,1,29.43,1,1,1,3,lost
RTL3667,64,1,3838.4,3,1,1,5,hibernating
RTL3376,246,2,15733.74,2,1,1,4,lost
RTL4701,33,4,26161.33,4,1,1,6,hibernating
RTL2971,357,3,11390.77,1,1,1,3,lost
RTL2053,238,1,35.83,2,1,1,4,lost
RTL2406,131,4,14731.14,3,1,1,5,hibernating
RTL2801,56,3,27775.85,3,1,1,5,hibernating
RTL4106,103,5,5378.39,3,1,1,5,hibernating
RTL4070,17,5,24680.89,4,1,1,6,hibernating
RTL4017,62,3,9548.47,3,1,1,5,hibernating
RTL2170,260,2,21309.96,2,1,1,4,lost
RTL1753,115,4,21097.79,3,1,1,5,hibernating
RTL2974,271,3,558523.39,2,1,4,7,at risk
RTL4966,119,3,7030.06,3,1,1,5,hibernating
RTL4090,258,4,2075.45,2,1,1,4,lost
RTL3827,223,2,4331.14,2,1,1,4,lost
RTL4894,198,5,1042576.32,2,1,4,7,at risk
RTL4364,107,4,11540.3,3,1,1,5,hibernating
RTL3262,296,1,3029.76,2,1,1,4,lost
RTL3221,807,1,978.63,1,1,1,3,lost
RTL3506,756,1,1967.3,1,1,1,3,lost
RTL2945,626,1,8023.62,1,1,1,3,lost
RTL4117,79,3,1706.14,3,1,1,5,hibernating
RTL1018,448,2,5052.32,1,1,1,3,lost
RTL2428,305,2,13413.64,1,1,1,3,lost
RTL1953,230,6,1360220.06,2,1,4,7,at risk
RTL1141,225,3,745.32,2,1,1,4,lost
RTL3752,207,5,22930.36,2,1,1,4,lost
RTL1607,256,4,15452.82,2,1,1,4,lost
RTL1405,200,1,4219.64,2,1,1,4,lost
RTL2225,80,2,7904.15,3,1,1,5,hibernating
RTL1603,226,4,9814.78,2,1,1,4,lost
RTL2707,393,2,2903.45,1,1,1,3,lost
RTL4065,228,3,4952.53,2,1,1,4,lost
RTL4319,206,1,13997.76,2,1,1,4,lost
RTL3168,111,2,222.65,3,1,1,5,hibernating
RTL4783,784,1,5056.45,1,1,1,3,lost
RTL4955,321,2,12938.06,1,1,1,3,lost
RTL1935,359,1,1225.49,1,1,1,3,lost
RTL2292,82,4,22948.68,3,1,1,5,hibernating
RTL1304,350,2,3113.98,1,1,1,3,lost
RTL2400,389,1,1926.48,1,1,1,3,lost
RTL4470,255,2,377711.3,2,1,4,7,at risk
RTL1165,13,5,12454.27,4,1,1,6,hibernating
RTL4412,267,5,40704.72,2,1,1,4,lost
RTL4533,447,2,4197.62,1,1,1,3,lost
RTL4467,201,3,10873.99,2,1,1,4,lost
RTL3194,3,3,4990.41,4,1,1,6,hibernating
RTL2302,520,3,12790.21,1,1,1,3,lost
RTL2176,51,3,20585.2,3,1,1,5,hibernating
RTL1274,278,2,9702.68,2,1,1,4,lost
RTL3912,224,4,17522.17,2,1,1,4,lost
RTL2207,31,4,9788.5,4,1,1,6,hibernating
RTL2296,158,5,23045.63,2,1,1,4,lost
RTL3985,56,4,3464.08,3,1,1,5,hibernating
RTL4940,121,4,2939.9,3,1,1,5,hibernating
RTL3945,37,2,17996.74,4,1,1,6,hibernating
RTL4323,317,2,4795.04,1,1,1,3,lost
RTL2429,117,1,1440.01,3,1,1,5,hibernating
RTL4299,749,1,2325.51,1,1,1,3,lost
RTL2492,115,3,10269.1,3,1,1,5,hibernating
RTL1497,741,1,13013.95,1,1,1,3,lost
RTL3271,67,1,8672.02,3,1,1,5,hibernating
RTL4601,205,2,3322.91,2,1,1,4,lost
RTL2374,343,2,7558.65,1,1,1,3,lost
RTL2367,160,4,21739.9,2,1,1,4,lost
RTL3269,605,1,7973.25,1,1,1,3,lost
RTL3512,68,6,17657.06,3,1,1,5,hibernating
RTL2325,75,4,34731.2,3,1,1,5,hibernating
RTL2209,325,1,7471.53,1,1,1,3,lost
RTL3379,224,4,8316.82,2,1,1,4,lost
RTL2775,342,2,2859.7,1,1,1,3,lost
RTL2247,61,1,3539.85,3,1,1,5,hibernating
RTL4737,183,6,9593.06,2,1,1,4,lost
RTL1348,350,3,4623.18,1,1,1,3,lost
RTL4046,329,2,2380.58,1,1,1,3,lost
RTL1465,237,2,3454.12,2,1,1,4,lost
RTL1167,122,3,14771.27,3,1,1,5,hibernating
RTL1083,361,1,5772.2,1,1,1,3,lost
RTL1726,620,1,289.89,1,1,1,3,lost
RTL1400,539,2,3676.62,1,1,1,3,lost
RTL3172,10,4,9539.16,4,1,1,6,hibernating
RTL1403,658,1,10493.14,1,1,1,3,lost
RTL2961,322,2,6782.5,1,1,1,3,lost
RTL1045,501,2,15173.4,1,1,1,3,lost
RTL2964,212,3,2168.04,2,1,1,4,lost
RTL4081,681,2,431.69,1,1,1,3,lost
RTL4363,270,3,20939.24,2,1,1,4,lost
RTL2638,56,3,15104.13,3,1,1,5,hibernating
RTL1144,278,2,6115.65,2,1,1,4,lost
RTL3968,75,2,2683.86,3,1,1,5,hibernating
RTL3843,769,1,14674.23,1,1,1,3,lost
RTL4835,22,3,17761.01,4,1,1,6,hibernating
RTL2496,144,4,45986.0,3,1,1,5,hibernating
RTL3888,147,4,4211.91,3,1,1,5,hibernating
RTL1429,488,2,2139.95,1,1,1,3,lost
RTL3488,234,2,5282.95,2,1,1,4,lost
RTL4537,65,3,8797.2,3,1,1,5,hibernating
RTL1108,265,4,9505.27,2,1,1,4,lost
RTL4274,233,4,17809.66,2,1,1,4,lost
RTL3892,113,5,26612.34,3,1,1,5,hibernating
RTL2668,341,2,12250.66,1,1,1,3,lost
RTL1074,167,4,1732910.82,2,1,4,7,at risk
RTL2359,189,6,11625.82,2,1,1,4,lost
RTL1625,191,5,16882.43,2,1,1,4,lost
RTL1145,185,2,1830.49,2,1,1,4,lost
RTL1411,352,3,7335.98,1,1,1,3,lost
RTL3453,279,1,7688.54,2,1,1,4,lost
RTL4322,333,3,10651.13,1,1,1,3,lost
RTL4157,326,1,2163.75,1,1,1,3,lost
RTL4513,452,3,3142.77,1,1,1,3,lost
RTL4307,5,4,584825.07,4,1,4,9,loyal
RTL1542,352,3,2521.47,1,1,1,3,lost
RTL4300,132,2,5683.25,3,1,1,5,hibernating
RTL1235,7,3,8155.31,4,1,1,6,hibernating
RTL2312,213,2,2747.78,2,1,1,4,lost
RTL2519,279,2,8259.14,2,1,1,4,lost
RTL4129,42,4,25504.59,4,1,1,6,hibernating
RTL1415,58,4,14511.96,3,1,1,5,hibernating
RTL4583,235,3,3160596.5,2,1,4,7,at risk
RTL2956,140,3,7594.24,3,1,1,5,hibernating
RTL4615,175,4,4573.44,2,1,1,4,lost
RTL1709,255,2,7354.03,2,1,1,4,lost
RTL3327,393,2,15566.61,1,1,1,3,lost
RTL2728,448,4,15439.85,1,1,1,3,lost
RTL1654,456,2,5560.26,1,1,1,3,lost
RTL3051,315,3,11931.73,1,1,1,3,lost
RTL2850,654,1,2203.48,1,1,1,3,lost
RTL4102,66,4,18300.78,3,1,1,5,hibernating
RTL1863,400,2,2737.93,1,1,1,3,lost
RTL3076,33,5,12883.13,4,1,1,6,hibernating
RTL1431,35,6,21423.87,4,1,1,6,hibernating
RTL4218,282,2,10088.8,2,1,1,4,lost
RTL4670,132,2,964.41,3,1,1,5,hibernating
RTL3024,174,1,960.0,2,1,1,4,lost
RTL3967,553,4,2832.2,1,1,1,3,lost
RTL1718,171,2,15936.76,2,1,1,4,lost
RTL2960,113,1,2025.21,3,1,1,5,hibernating
RTL1855,201,2,10400.04,2,1,1,4,lost
RTL1080,34,2,5795.55,4,1,1,6,hibernating
RTL1312,303,3,16300.57,1,1,1,3,lost
RTL2672,683,2,2354.86,1,1,1,3,lost
RTL2931,216,1,9571.92,2,1,1,4,lost
RTL1634,346,2,569.07,1,1,1,3,lost
RTL1208,158,2,1706.11,2,1,1,4,lost
RTL4642,53,4,2126829.5,3,1,4,8,at risk
RTL3363,203,5,10163.64,2,1,1,4,lost
RTL4571,213,1,102.29,2,1,1,4,lost
RTL3732,676,2,6859.02,1,1,1,3,lost
RTL3390,685,2,5953.18,1,1,1,3,lost
RTL3264,333,1,1139.89,1,1,1,3,lost
RTL2521,362,2,10248.06,1,1,1,3,lost
RTL2891,624,1,38.81,1,1,1,3,lost
RTL2930,17,2,1375.38,4,1,1,6,hibernating
RTL1476,345,2,3054.61,1,1,1,3,lost
RTL2478,275,1,259.05,2,1,1,4,lost
RTL4819,180,3,40117.13,2,1,1,4,lost
RTL3461,346,2,24155.57,1,1,1,3,lost
RTL2756,138,1,4610.45,3,1,1,5,hibernating
RTL2589,45,3,11846.87,4,1,1,6,hibernating
RTL4876,67,3,1477.8,3,1,1,5,hibernating
RTL3890,193,2,3589.86,2,1,1,4,lost
RTL4569,840,1,79.94,1,1,1,3,lost
RTL2461,483,1,91.49,1,1,1,3,lost
RTL1791,10,2,1792.05,4,1,1,6,hibernating
RTL2623,769,1,576927.2,1,1,4,6,hibernating
RTL2759,222,3,19442.01,2,1,1,4,lost
RTL2358,500,1,29172.69,1,1,1,3,lost
RTL4124,109,5,2019524.19,3,1,4,8,at risk
RTL4331,46,4,1510712.71,4,1,4,9,loyal
RTL4008,61,4,6280.64,3,1,1,5,hibernating
RTL2689,202,2,133514.01,2,1,3,6,hibernating
RTL4753,352,1,2815.44,1,1,1,3,lost
RTL1148,19,2,14097.99,4,1,1,6,hibernating
RTL1010,218,2,14241.29,2,1,1,4,lost
RTL4510,59,4,9295.89,3,1,1,5,hibernating
RTL4434,777,1,1590.86,1,1,1,3,lost
RTL3443,328,4,17585.53,1,1,1,3,lost
RTL3458,276,1,7799.8,2,1,1,4,lost
RTL2297,468,1,288.44,1,1,1,3,lost
RTL3302,459,1,8000.62,1,1,1,3,lost
RTL3303,141,3,19578.18,3,1,1,5,hibernating
RTL2493,73,2,4587.23,3,1,1,5,hibernating
RTL1427,99,4,18774.54,3,1,1,5,hibernating
RTL1711,113,2,3538.32,3,1,1,5,hibernating
RTL2433,16,6,23486.11,4,1,1,6,hibernating
RTL2953,220,1,10683.89,2,1,1,4,lost
RTL2469,379,2,872.02,1,1,1,3,lost
RTL3415,591,1,1235.82,1,1,1,3,lost
RTL4206,569,1,2875.82,1,1,1,3,lost
RTL2714,195,2,1051.66,2,1,1,4,lost
RTL1841,191,1,2637.04,2,1,1,4,lost
RTL3499,70,3,26182.73,3,1,1,5,hibernating
RTL1364,323,2,4504.39,1,1,1,3,lost
RTL2261,246,1,430.44,2,1,1,4,lost
RTL2952,547,1,578.95,1,1,1,3,lost
RTL4837,405,2,2824.4,1,1,1,3,lost
RTL1046,703,1,153.67,1,1,1,3,lost
RTL2495,595,1,2461.82,1,1,1,3,lost
RTL3866,81,6,229215.43,3,1,3,7,at risk
RTL4978,424,3,767401.4,1,1,4,6,hibernating
RTL3842,29,6,14466.57,4,1,1,6,hibernating
RTL2200,299,2,28483.98,2,1,1,4,lost
RTL4087,422,1,660.67,1,1,1,3,lost
RTL1342,355,3,11896.99,1,1,1,3,lost
RTL2944,37,5,1192940.54,4,1,4,9,loyal
RTL3794,57,4,20061.23,3,1,1,5,hibernating
RTL1745,84,2,5980.9,3,1,1,5,hibernating
RTL1633,3,2,9206.42,4,1,1,6,hibernating
RTL2774,191,3,8500.31,2,1,1,4,lost
RTL1769,320,2,12490.87,1,1,1,3,lost
RTL4941,328,3,6499.98,1,1,1,3,lost
RTL3249,39,3,14319.02,4,1,1,6,hibernating
RTL2114,645,2,22017.06,1,1,1,3,lost
RTL1075,148,2,9006.77,3,1,1,5,hibernating
RTL2416,186,1,233.41,2,1,1,4,lost
RTL2709,728,1,4005.27,1,1,1,3,lost
RTL4692,173,3,8960.97,2,1,1,4,lost
RTL3782,219,4,23023.4,2,1,1,4,lost
RTL4387,540,5,15169.68,1,1,1,3,lost
RTL2669,653,2,1924.13,1,1,1,3,lost
RTL1696,529,1,16.89,1,1,1,3,lost
RTL2246,268,3,5173.78,2,1,1,4,lost
RTL1592,299,2,5452.15,2,1,1,4,lost
RTL3401,268,3,12847.62,2,1,1,4,lost
RTL1357,303,2,1105.76,1,1,1,3,lost
RTL3292,291,2,5834.88,2,1,1,4,lost
RTL3184,120,3,3317.0,3,1,1,5,hibernating
RTL4371,294,1,2915.07,2,1,1,4,lost
RTL3358,231,4,12167.06,2,1,1,4,lost
RTL4018,612,2,4667.62,1,1,1,3,lost
RTL2764,319,3,6802.13,1,1,1,3,lost
RTL4361,491,2,6401.84,1,1,1,3,lost
RTL1688,226,4,9739.05,2,1,1,4,lost
RTL2517,285,3,11628.08,2,1,1,4,lost
RTL1871,17,6,38888.6,4,1,1,6,hibernating
RTL4094,217,1,1100.32,2,1,1,4,lost
RTL3551,27,6,38552.01,4,1,1,6,hibernating
RTL4110,445,3,15258.77,1,1,1,3,lost
RTL1779,256,3,2518.61,2,1,1,4,lost
RTL2424,101,2,1928993.07,3,1,4,8,at risk
RTL1505,4,3,64945.01,4,1,2,7,at risk
RTL1163,442,2,4482.9,1,1,1,3,lost
RTL1989,733,1,1350.58,1,1,1,3,lost
RTL4303,63,3,13686.97,3,1,1,5,hibernating
RTL3537,733,1,1751.52,1,1,1,3,lost
RTL4944,162,2,1265.02,2,1,1,4,lost
RTL1350,255,3,34182.15,2,1,1,4,lost
RTL3553,6,2,1994.29,4,1,1,6,hibernating
RTL2992,141,7,23460.59,3,1,1,5,hibernating
RTL2868,296,1,239.27,2,1,1,4,lost
RTL1036,258,1,9499.81,2,1,1,4,lost
RTL2598,237,2,4863.36,2,1,1,4,lost
RTL1040,409,1,2571.1,1,1,1,3,lost
RTL4792,177,3,9207.76,2,1,1,4,lost
RTL1224,207,3,20971.26,2,1,1,4,lost
RTL2357,49,5,390533111.16,4,1,4,9,loyal
RTL3611,230,1,3395.52,2,1,1,4,lost
RTL4199,12,5,19547.31,4,1,1,6,hibernating
RTL1552,64,5,21600.35,3,1,1,5,hibernating
RTL1420,553,2,5369.23,1,1,1,3,lost
RTL2516,134,2,1796.63,3,1,1,5,hibernating
RTL1472,93,2,7579.18,3,1,1,5,hibernating
RTL1233,306,2,15251.27,1,1,1,3,lost
RTL2745,186,3,8743.89,2,1,1,4,lost
RTL4369,223,1,2447.1,2,1,1,4,lost
RTL1810,23,5,13044.57,4,1,1,6,hibernating
RTL1117,314,5,15403.8,1,1,1,3,lost
RTL4898,683,1,794.83,1,1,1,3,lost
RTL1203,98,8,32326.26,3,1,1,5,hibernating
RTL3965,128,1,1309.82,3,1,1,5,hibernating
RTL4630,144,3,7898.78,3,1,1,5,hibernating
RTL3114,227,2,10088.71,2,1,1,4,lost
RTL4176,173,2,3354.67,2,1,1,4,lost
RTL2387,195,2,5489.39,2,1,1,4,lost
RTL3337,41,1,4181.52,4,1,1,6,hibernating
RTL4168,170,3,949555.86,2,1,4,7,at risk
RTL1715,335,2,1103.26,1,1,1,3,lost
RTL4311,217,1,8408.55,2,1,1,4,lost
RTL1518,249,4,19415.65,2,1,1,4,lost
RTL3805,173,6,53789.42,2,1,2,5,hibernating
RTL1569,780,2,412218.03,1,1,4,6,hibernating
RTL1204,285,2,43012.25,2,1,1,4,lost
RTL2562,255,2,5414.65,2,1,1,4,lost
RTL1950,303,4,15842.05,1,1,1,3,lost
RTL3148,22,5,22364.1,4,1,1,6,hibernating
RTL2130,297,2,14041.43,2,1,1,4,lost
RTL3070,267,4,3230896.27,2,1,4,7,at risk
RTL4457,503,1,15558.56,1,1,1,3,lost
RTL2005,70,3,12862.12,3,1,1,5,hibernating
RTL4492,270,2,17608.84,2,1,1,4,lost
RTL1911,187,6,32238.43,2,1,1,4,lost
RTL4355,255,3,1924.78,2,1,1,4,lost
RTL4597,199,5,6520.6,2,1,1,4,lost
RTL3927,274,1,14259.4,2,1,1,4,lost
RTL3424,200,2,3923.34,2,1,1,4,lost
RTL2055,83,3,15901.05,3,1,1,5,hibernating
RTL2788,574,1,12530.69,1,1,1,3,lost
RTL1602,75,2,15364.57,3,1,1,5,hibernating
RTL1340,588,1,7406.12,1,1,1,3,lost
RTL1835,717,1,840.45,1,1,1,3,lost
RTL4730,291,2,1357.88,2,1,1,4,lost
RTL3663,221,3,1534.84,2,1,1,4,lost
RTL4717,84,3,12306.88,3,1,1,5,hibernating
RTL2778,761,3,1697.06,1,1,1,3,lost
RTL3988,532,2,775115.35,1,1,4,6,hibernating
RTL2323,48,4,5639.43,4,1,1,6,hibernating
RTL4475,768,1,6986.34,1,1,1,3,lost
RTL4050,232,6,21183.73,2,1,1,4,lost
RTL2656,18,3,3955.2,4,1,1,6,hibernating
RTL1011,220,3,10497.0,2,1,1,4,lost
RTL3357,250,3,5679.23,2,1,1,4,lost
RTL4558,393,1,807.02,1,1,1,3,lost
RTL3382,367,2,14817.84,1,1,1,3,lost
RTL1113,81,2,23673.77,3,1,1,5,hibernating
RTL4534,54,2,3588.31,3,1,1,5,hibernating
RTL2789,594,1,5770.05,1,1,1,3,lost
RTL1608,548,2,8752.09,1,1,1,3,lost
RTL3022,25,5,18463.08,4,1,1,6,hibernating
RTL1881,705,1,494.8,1,1,1,3,lost
RTL3324,23,4,22945.24,4,1,1,6,hibernating
RTL3625,377,3,15251.96,1,1,1,3,lost
RTL1346,584,1,4163.59,1,1,1,3,lost
RTL4521,186,4,18657.06,2,1,1,4,lost
RTL4802,119,3,26968.18,3,1,1,5,hibernating
RTL4037,266,2,10470.41,2,1,1,4,lost
RTL4041,230,1,3382.72,2,1,1,4,lost
RTL4035,357,2,2823.24,1,1,1,3,lost
RTL2468,568,4,26645.46,1,1,1,3,lost
RTL2041,278,4,17169.64,2,1,1,4,lost
RTL1237,632,1,3241.6,1,1,1,3,lost
RTL5000,6,1,2198.63,4,1,1,6,hibernating
RTL2848,253,2,3687.32,2,1,1,4,lost
RTL3120,122,3,22801.76,3,1,1,5,hibernating
RTL1957,126,3,20694.9,3,1,1,5,hibernating
RTL1262,269,4,26099.16,2,1,1,4,lost
RTL2173,748,1,10718.84,1,1,1,3,lost
RTL2177,488,2,19490.86,1,1,1,3,lost
RTL4263,315,1,1420.92,1,1,1,3,lost
RTL3331,281,5,31548.92,2,1,1,4,lost
RTL1885,140,3,60016.78,3,1,2,6,hibernating
RTL4228,240,4,5195.37,2,1,1,4,lost
RTL1109,237,1,2433547.45,2,1,4,7,at risk
RTL2599,233,4,39788.19,2,1,1,4,lost
RTL1886,822,1,246.41,1,1,1,3,lost
RTL1356,29,2,8043.9,4,1,1,6,hibernating
RTL4530,140,3,12802.12,3,1,1,5,hibernating
RTL2298,215,4,18574.14,2,1,1,4,lost
RTL3721,77,1,3815.05,3,1,1,5,hibernating
RTL4994,289,5,15724.15,2,1,1,4,lost
RTL2922,305,4,13173.74,1,1,1,3,lost
RTL4193,90,4,12310.45,3,1,1,5,hibernating
RTL3692,33,6,17309.6,4,1,1,6,hibernating
RTL4634,381,1,4843.2,1,1,1,3,lost
RTL4217,234,4,21960.54,2,1,1,4,lost
RTL1451,325,3,13532.47,1,1,1,3,lost
RTL2015,4,3,4351.54,4,1,1,6,hibernating
RTL3185,228,2,30982.91,2,1,1,4,lost
RTL2318,279,3,4080.45,2,1,1,4,lost
RTL3296,349,3,21180.31,1,1,1,3,lost
RTL4775,291,1,148.09,2,1,1,4,lost
RTL4993,418,1,7323.74,1,1,1,3,lost
RTL4291,426,2,6096.5,1,1,1,3,lost
RTL2711,62,2,2121.05,3,1,1,5,hibernating
RTL3924,124,9,50847.86,3,1,2,6,hibernating
RTL3384,119,2,9650.93,3,1,1,5,hibernating
RTL4881,190,3,16139.49,2,1,1,4,lost
RTL2838,33,3,390.29,4,1,1,6,hibernating
RTL2386,488,2,4557.85,1,1,1,3,lost
RTL3674,140,3,11829.76,3,1,1,5,hibernating
RTL1125,235,4,17691.71,2,1,1,4,lost
RTL3906,262,1,13.26,2,1,1,4,lost
RTL2795,88,1,282.18,3,1,1,5,hibernating
RTL1442,456,3,13822.7,1,1,1,3,lost
RTL3011,268,3,23076.22,2,1,1,4,lost
RTL3950,341,1,4354.02,1,1,1,3,lost
RTL3255,266,2,3003.48,2,1,1,4,lost
RTL1276,172,1,6226.79,2,1,1,4,lost
RTL4599,267,1,629.6,2,1,1,4,lost
RTL3032,115,1,1281.21,3,1,1,5,hibernating
RTL2658,413,5,26785.82,1,1,1,3,lost
RTL3121,423,1,5258.08,1,1,1,3,lost
RTL2131,466,3,1806.19,1,1,1,3,lost
RTL4986,127,1,765.89,3,1,1,5,hibernating
RTL1217,490,1,1915.08,1,1,1,3,lost
RTL2583,275,2,1402.75,2,1,1,4,lost
RTL1093,121,2,10314.74,3,1,1,5,hibernating
RTL1889,179,3,16181.64,2,1,1,4,lost
RTL2458,150,1,278543.55,3,1,4,8,at risk
RTL1712,12,1,681.14,4,1,1,6,hibernating
RTL3647,235,4,68873.28,2,1,2,5,hibernating
RTL2201,381,4,27283.2,1,1,1,3,lost
RTL1199,258,3,16151.3,2,1,1,4,lost
RTL4227,13,2,5393.83,4,1,1,6,hibernating
RTL2199,23,2,9231.82,4,1,1,6,hibernating
RTL3613,346,1,4524.86,1,1,1,3,lost
RTL1823,17,4,22905.71,4,1,1,6,hibernating
RTL3467,241,3,14110.94,2,1,1,4,lost
RTL4606,128,5,6492.44,3,1,1,5,hibernating
RTL3536,416,1,65.09,1,1,1,3,lost
RTL1478,334,2,5216.39,1,1,1,3,lost
RTL2915,106,2,4521.32,3,1,1,5,hibernating
RTL3808,65,2,3426.44,3,1,1,5,hibernating
RTL2771,298,4,35598.62,2,1,1,4,lost
RTL2943,59,1,4876.13,3,1,1,5,hibernating
RTL4130,712,1,3320.15,1,1,1,3,lost
RTL3824,68,4,30789.77,3,1,1,5,hibernating
RTL4935,259,4,7797.33,2,1,1,4,lost
RTL3165,124,2,5273.14,3,1,1,5,hibernating
RTL4015,75,3,6379.83,3,1,1,5,hibernating
RTL1089,10,3,12236.75,4,1,1,6,hibernating
RTL4628,37,2,953219.24,4,1,4,9,loyal
RTL1976,30,3,13946.61,4,1,1,6,hibernating
RTL1336,469,2,943.6,1,1,1,3,lost
RTL3361,139,2,4344.37,3,1,1,5,hibernating
RTL1986,345,3,7603.51,1,1,1,3,lost
RTL2586,600,1,249.66,1,1,1,3,lost
RTL2636,265,3,4918.22,2,1,1,4,lost
RTL2022,187,3,13054.74,2,1,1,4,lost
RTL3444,246,3,12099.66,2,1,1,4,lost
RTL4479,65,2,69918.16,3,1,2,6,hibernating
RTL1702,362,4,22686.58,1,1,1,3,lost
RTL3594,24,3,17626.41,4,1,1,6,hibernating
RTL3081,270,1,67.93,2,1,1,4,lost
RTL2560,10,1,277.45,4,1,1,6,hibernating
RTL4478,304,2,11080.17,1,1,1,3,lost
RTL4422,443,2,1097.61,1,1,1,3,lost
RTL2391,298,2,7328.58,2,1,1,4,lost
RTL4949,110,4,3293.38,3,1,1,5,hibernating
RTL1458,65,4,6699.97,3,1,1,5,hibernating
RTL2683,4,4,64471.79,4,1,2,7,at risk
RTL4886,34,2,152827.75,4,1,3,8,at risk
RTL3903,299,3,4092.34,2,1,1,4,lost
RTL1140,509,3,6929.98,1,1,1,3,lost
RTL4890,119,2,1961.23,3,1,1,5,hibernating
RTL1098,329,2,3651.36,1,1,1,3,lost
RTL1290,227,4,18121.95,2,1,1,4,lost
RTL4934,496,2,2350.07,1,1,1,3,lost
RTL4163,806,1,1400.9,1,1,1,3,lost
RTL4751,240,4,99945.78,2,1,2,5,hibernating
RTL2119,331,1,7741.78,1,1,1,3,lost
RTL1001,494,1,1054.81,1,1,1,3,lost
RTL1477,10,2,5489.54,4,1,1,6,hibernating
RTL2786,626,2,4357.34,1,1,1,3,lost
RTL2975,232,3,21748.05,2,1,1,4,lost
RTL1229,241,3,759200.14,2,1,4,7,at risk
RTL3591,101,3,7548.81,3,1,1,5,hibernating
RTL3250,614,1,126.23,1,1,1,3,lost
RTL4405,241,2,2983.68,2,1,1,4,lost
RTL2637,199,4,27066.4,2,1,1,4,lost
RTL4261,64,2,3163.06,3,1,1,5,hibernating
RTL4716,17,3,15301.57,4,1,1,6,hibernating
RTL3246,707,1,124.57,1,1,1,3,lost
RTL1684,549,1,3715.56,1,1,1,3,lost
RTL3052,53,4,11681.63,3,1,1,5,hibernating
RTL3060,216,2,7200.04,2,1,1,4,lost
RTL1760,47,3,25181.98,4,1,1,6,hibernating
RTL4867,77,3,14508.24,3,1,1,5,hibernating
RTL1351,257,1,183.31,2,1,1,4,lost
RTL3159,201,3,12235.22,2,1,1,4,lost
RTL4800,625,1,1032.54,1,1,1,3,lost
RTL4132,310,5,10980.59,1,1,1,3,lost
RTL2590,126,2,8264.91,3,1,1,5,hibernating
RTL3501,258,4,2306.87,2,1,1,4,lost
RTL4592,150,2,2767.04,3,1,1,5,hibernating
RTL2765,581,2,13052.14,1,1,1,3,lost
RTL2843,71,3,13895.15,3,1,1,5,hibernating
RTL1574,26,3,11365.07,4,1,1,6,hibernating
RTL3261,100,3,1958.61,3,1,1,5,hibernating
RTL2477,227,1,12154.49,2,1,1,4,lost
RTL3266,595,2,3216.93,1,1,1,3,lost
RTL2570,253,2,11693.7,2,1,1,4,lost
RTL3710,207,4,7349.79,2,1,1,4,lost
RTL3552,71,3,5475.44,3,1,1,5,hibernating
RTL3495,293,1,452.2,2,1,1,4,lost
RTL2076,369,2,16097.86,1,1,1,3,lost
RTL4503,682,1,236.78,1,1,1,3,lost
RTL2309,420,2,10939.4,1,1,1,3,lost
RTL3736,193,4,3646.65,2,1,1,4,lost
RTL2543,215,1,3261.54,2,1,1,4,lost
RTL4797,285,3,11097.58,2,1,1,4,lost
RTL1532,149,2,21185.17,3,1,1,5,hibernating
RTL4265,467,2,1436.35,1,1,1,3,lost
RTL2977,249,2,890.2,2,1,1,4,lost
RTL3112,335,3,83559.8,1,1,2,4,lost
RTL4796,199,3,9990.69,2,1,1,4,lost
RTL1220,242,1,4760.96,2,1,1,4,lost
RTL4778,13,3,14217.99,4,1,1,6,hibernating
RTL1319,114,1,220.54,3,1,1,5,hibernating
RTL4108,176,1,1142.85,2,1,1,4,lost
RTL1277,329,2,21716.69,1,1,1,3,lost
RTL3199,554,2,1189571.32,1,1,4,6,hibernating
RTL4171,76,3,11401.71,3,1,1,5,hibernating
RTL4586,315,3,18822.94,1,1,1,3,lost
RTL3285,471,1,178.01,1,1,1,3,lost
RTL1048,605,1,1603.04,1,1,1,3,lost
RTL4999,333,3,9592.89,1,1,1,3,lost
RTL3822,266,3,5343.52,2,1,1,4,lost
RTL2647,283,1,1215.45,2,1,1,4,lost
RTL1949,95,4,14907.73,3,1,1,5,hibernating
RTL1965,133,2,11507.85,3,1,1,5,hibernating
RTL2057,82,2,2461.84,3,1,1,5,hibernating
RTL2286,16,2,3580.8,4,1,1,6,hibernating
RTL4814,509,2,5545.55,1,1,1,3,lost
RTL1177,167,5,21896.44,2,1,1,4,lost
RTL2162,205,2,10994.0,2,1,1,4,lost
RTL3307,50,4,21986.31,4,1,1,6,hibernating
RTL4332,54,5,28140.27,3,1,1,5,hibernating
RTL3413,92,5,16227.6,3,1,1,5,hibernating
RTL3669,199,1,269191.32,2,1,4,7,at risk
RTL2002,1,3,263514.42,4,1,4,9,loyal
RTL4019,11,3,9130.15,4,1,1,6,hibernating
RTL2414,256,4,12039.62,2,1,1,4,lost
RTL2641,63,5,236420.16,3,1,3,7,at risk
RTL3035,730,2,9131.09,1,1,1,3,lost
RTL4258,45,1,1855.59,4,1,1,6,hibernating
RTL2100,270,1,4839.63,2,1,1,4,lost
RTL4112,156,2,6491.15,2,1,1,4,lost
RTL1508,191,3,326633.36,2,1,4,7,at risk
RTL2275,228,4,4013.56,2,1,1,4,lost
RTL4138,310,1,669.03,1,1,1,3,lost
RTL2879,421,2,8809.05,1,1,1,3,lost
RTL2392,49,5,19922.95,4,1,1,6,hibernating
RTL4458,645,1,14795.68,1,1,1,3,lost
RTL3852,305,7,29959.01,1,1,1,3,lost
RTL4809,221,2,4581.99,2,1,1,4,lost
RTL3163,260,2,15710.24,2,1,1,4,lost
RTL3690,187,4,14591.31,2,1,1,4,lost
RTL3409,175,3,12970.43,2,1,1,4,lost
RTL2206,467,1,8596.17,1,1,1,3,lost
RTL2796,372,4,16836.93,1,1,1,3,lost
RTL4889,238,2,8173.86,2,1,1,4,lost
RTL3336,285,1,3530.96,2,1,1,4,lost
RTL1985,93,3,9720.12,3,1,1,5,hibernating
RTL4350,577,1,306.43,1,1,1,3,lost
RTL4704,294,4,314095.72,2,1,4,7,at risk
RTL2593,68,3,8149.07,3,1,1,5,hibernating
RTL1221,25,5,20275.4,4,1,1,6,hibernating
RTL1501,28,5,22047.34,4,1,1,6,hibernating
RTL4181,279,5,8349.13,2,1,1,4,lost
RTL1371,160,3,13607.59,2,1,1,4,lost
RTL4574,709,2,3033.47,1,1,1,3,lost
RTL1182,490,2,10334.76,1,1,1,3,lost
RTL4902,760,2,5854.88,1,1,1,3,lost
RTL2303,283,3,1266.58,2,1,1,4,lost
RTL3108,627,1,2110.8,1,1,1,3,lost
RTL2432,426,3,14791.91,1,1,1,3,lost
RTL3013,225,5,18298.39,2,1,1,4,lost
RTL3733,34,4,21089.9,4,1,1,6,hibernating
RTL2255,349,2,3443.58,1,1,1,3,lost
RTL4267,96,4,15284.74,3,1,1,5,hibernating
RTL2558,652,1,620.69,1,1,1,3,lost
RTL1081,651,1,2574.6,1,1,1,3,lost
RTL1105,22,2,21798.25,4,1,1,6,hibernating
RTL3275,276,3,11591.32,2,1,1,4,lost
RTL3763,229,3,5184.23,2,1,1,4,lost
RTL1849,433,1,1155.71,1,1,1,3,lost
RTL1303,283,2,15569.52,2,1,1,4,lost
RTL4026,178,4,14281.97,2,1,1,4,lost
RTL4937,255,1,3426.3,2,1,1,4,lost
RTL3137,287,2,3129626.87,2,1,4,7,at risk
RTL4158,553,3,288666.74,1,1,4,6,hibernating
RTL1090,696,1,3402.55,1,1,1,3,lost
RTL2982,407,2,29634.63,1,1,1,3,lost
RTL3756,232,5,14482.28,2,1,1,4,lost
RTL4685,188,2,15912.14,2,1,1,4,lost
RTL1480,62,3,6934.75,3,1,1,5,hibernating
RTL1129,528,1,926.61,1,1,1,3,lost
RTL4616,380,5,11775.74,1,1,1,3,lost
RTL4095,265,1,7972.3,2,1,1,4,lost
RTL2192,257,3,19498.41,2,1,1,4,lost
RTL2267,1,3,18969.64,4,1,1,6,hibernating
RTL2600,205,1,282.9,2,1,1,4,lost
RTL4922,24,2,10865.28,4,1,1,6,hibernating
RTL1127,338,1,2011.9,1,1,1,3,lost
RTL2143,261,4,9329.92,2,1,1,4,lost
RTL1115,282,3,13641.62,2,1,1,4,lost
RTL2539,56,3,43364.39,3,1,1,5,hibernating
RTL2604,266,3,14456.31,2,1,1,4,lost
RTL2849,663,1,1615.76,1,1,1,3,lost
RTL3978,212,3,10349.89,2,1,1,4,lost
RTL4282,256,2,12165.03,2,1,1,4,lost
RTL3023,469,2,12395.01,1,1,1,3,lost
RTL1854,254,3,4378.42,2,1,1,4,lost
RTL2099,285,2,9101.48,2,1,1,4,lost
RTL2957,80,3,1184.32,3,1,1,5,hibernating
RTL3355,223,4,9900.7,2,1,1,4,lost
RTL2632,123,3,12168.28,3,1,1,5,hibernating
RTL4481,127,7,18231.15,3,1,1,5,hibernating
RTL3902,19,4,19965.93,4,1,1,6,hibernating
RTL2326,640,2,60953.5,1,1,2,4,lost
RTL2078,46,4,12527.36,4,1,1,6,hibernating
RTL3745,242,2,10219.99,2,1,1,4,lost
RTL1643,348,2,7799.27,1,1,1,3,lost
RTL2806,141,5,15535.01,3,1,1,5,hibernating
RTL4040,559,2,6017.95,1,1,1,3,lost
RTL1877,776,1,3427.43,1,1,1,3,lost
RTL3575,393,2,6757.18,1,1,1,3,lost
RTL1974,63,4,19730.61,3,1,1,5,hibernating
RTL3096,209,2,11232.94,2,1,1,4,lost
RTL3328,306,1,2082.54,1,1,1,3,lost
RTL4813,231,2,7229.95,2,1,1,4,lost
RTL2804,845,1,5652.79,1,1,1,3,lost
RTL2448,53,6,14868.13,3,1,1,5,hibernating
RTL1269,846,1,6531497.22,1,1,4,6,hibernating
RTL2270,209,5,19676.69,2,1,1,4,lost
RTL1612,39,6,45931.55,4,1,1,6,hibernating
RTL3179,147,3,11154.53,3,1,1,5,hibernating
RTL1270,221,2,6049.67,2,1,1,4,lost
RTL1605,26,4,11956.74,4,1,1,6,hibernating
RTL3449,849,1,232.37,1,1,1,3,lost
RTL3044,158,5,29384.48,2,1,1,4,lost
RTL1809,364,2,8214.53,1,1,1,3,lost
RTL4264,45,4,46807.31,4,1,1,6,hibernating
RTL1589,215,2,5787.92,2,1,1,4,lost
RTL1525,310,2,23396.33,1,1,1,3,lost
RTL1131,203,3,2838.03,2,1,1,4,lost
RTL2624,258,2,22331.64,2,1,1,4,lost
RTL2815,104,1,2897.5,3,1,1,5,hibernating
RTL2175,139,4,667997.7,3,1,4,8,at risk
RTL4779,315,3,8534.33,1,1,1,3,lost
RTL4400,199,4,20093.29,2,1,1,4,lost
RTL1954,135,3,5087.76,3,1,1,5,hibernating
RTL4951,57,4,19223.39,3,1,1,5,hibernating
RTL3487,345,1,3092.96,1,1,1,3,lost
RTL2859,298,3,14168.67,2,1,1,4,lost
RTL1618,683,3,13085.12,1,1,1,3,lost
RTL3905,370,2,33847.98,1,1,1,3,lost
RTL1747,363,1,988.99,1,1,1,3,lost
RTL2305,237,2,500996.31,2,1,4,7,at risk
RTL2704,294,1,167.2,2,1,1,4,lost
RTL4461,179,1,606.58,2,1,1,4,lost
RTL1121,87,4,33917.39,3,1,1,5,hibernating
RTL4047,168,3,2796.72,2,1,1,4,lost
RTL2294,284,4,4891.23,2,1,1,4,lost
RTL4431,213,6,16935.96,2,1,1,4,lost
RTL4427,192,2,7263.74,2,1,1,4,lost
RTL3224,353,1,1242.0,1,1,1,3,lost
RTL3899,97,3,760.91,3,1,1,5,hibernating
RTL1438,316,2,21244.95,1,1,1,3,lost
RTL4236,96,2,1437.92,3,1,1,5,hibernating
RTL2485,738,2,1379.4,1,1,1,3,lost
RTL4266,238,2,6194.13,2,1,1,4,lost
RTL3662,68,7,51719.84,3,1,2,6,hibernating
RTL2382,591,1,4352.34,1,1,1,3,lost
RTL1648,331,1,141.08,1,1,1,3,lost
RTL1817,23,3,13278.66,4,1,1,6,hibernating
RTL4750,85,3,8783.63,3,1,1,5,hibernating
RTL4859,254,5,34135.35,2,1,1,4,lost
RTL3082,729,1,921.77,1,1,1,3,lost
RTL4578,100,2,9077.41,3,1,1,5,hibernating
RTL2153,215,3,13510.44,2,1,1,4,lost
RTL4644,256,5,243530.36,2,1,3,6,hibernating
RTL1023,241,2,1190.41,2,1,1,4,lost
RTL4032,73,1,73.82,3,1,1,5,hibernating
RTL4249,217,3,16893.09,2,1,1,4,lost
RTL4611,264,2,936.52,2,1,1,4,lost
RTL4520,129,1,18128.49,3,1,1,5,hibernating
RTL3493,402,2,13672.16,1,1,1,3,lost
RTL4020,243,2,3832.75,2,1,1,4,lost
RTL1559,777,1,6464.24,1,1,1,3,lost
RTL3632,29,5,3222.66,4,1,1,6,hibernating
RTL4765,216,4,23972.85,2,1,1,4,lost
RTL4115,418,1,3584.55,1,1,1,3,lost
RTL1222,82,3,5432.53,3,1,1,5,hibernating
RTL2482,292,3,5521.81,2,1,1,4,lost
RTL3029,81,4,12611.09,3,1,1,5,hibernating
RTL4989,135,2,408.73,3,1,1,5,hibernating
RTL3837,22,4,10354.42,4,1,1,6,hibernating
RTL4275,443,3,20376.65,1,1,1,3,lost
RTL3436,121,2,519.2,3,1,1,5,hibernating
RTL3780,180,1,7323.84,2,1,1,4,lost
RTL4389,249,4,13236.66,2,1,1,4,lost
RTL3142,376,4,795659.7,1,1,4,6,hibernating
RTL1120,201,4,16846.33,2,1,1,4,lost
RTL2044,44,3,6223.76,4,1,1,6,hibernating
RTL2716,1,3,10947.88,4,1,1,6,hibernating
RTL2950,218,2,2246.52,2,1,1,4,lost
RTL4988,280,4,18201.87,2,1,1,4,lost
RTL1749,215,4,8805.59,2,1,1,4,lost
RTL3684,58,2,3643.67,3,1,1,5,hibernating
RTL2405,326,2,597.47,1,1,1,3,lost
RTL1794,237,4,229435.15,2,1,3,6,hibernating
RTL2353,239,2,5213.36,2,1,1,4,lost
RTL2243,165,4,996451.44,2,1,4,7,at risk
RTL3297,362,1,18274.66,1,1,1,3,lost
RTL2196,382,2,6906.28,1,1,1,3,lost
RTL3998,731,1,4223.88,1,1,1,3,lost
RTL4251,257,5,20465.6,2,1,1,4,lost
RTL2664,237,5,23553.19,2,1,1,4,lost
RTL4287,525,1,652.88,1,1,1,3,lost
RTL4853,291,1,515.6,2,1,1,4,lost
RTL2194,246,6,96391.33,2,1,2,5,hibernating
RTL1084,90,3,2107.98,3,1,1,5,hibernating
RTL3344,201,4,3647.47,2,1,1,4,lost
RTL4011,289,2,7056.88,2,1,1,4,lost
RTL4620,346,2,10118.54,1,1,1,3,lost
RTL3466,611,1,576.1,1,1,1,3,lost
RTL1754,304,1,38499.78,1,1,1,3,lost
RTL4631,134,2,7053.18,3,1,1,5,hibernating
RTL1913,214,2,8428.53,2,1,1,4,lost
RTL3547,333,1,2594.94,1,1,1,3,lost
RTL4189,259,4,428915.19,2,1,4,7,at risk
RTL4320,851,1,2004.75,1,1,1,3,lost
RTL2147,256,3,24019.0,2,1,1,4,lost
RTL3731,93,5,25421.6,3,1,1,5,hibernating
RTL1834,406,1,709.07,1,1,1,3,lost
RTL4242,293,1,3059.7,2,1,1,4,lost
RTL4198,215,3,13607.07,2,1,1,4,lost
RTL2969,248,1,4316.58,2,1,1,4,lost
RTL3124,202,3,3852.51,2,1,1,4,lost
RTL4243,184,1,351.74,2,1,1,4,lost
RTL3154,110,2,5268.62,3,1,1,5,hibernating
RTL1821,349,2,5024.01,1,1,1,3,lost
RTL2854,71,5,6095.53,3,1,1,5,hibernating
RTL4952,306,3,8837.57,1,1,1,3,lost
RTL1099,166,1,5943.58,2,1,1,4,lost
RTL2038,382,6,35097.11,1,1,1,3,lost
RTL3107,20,3,3987.31,4,1,1,6,hibernating
RTL3181,442,3,2011.98,1,1,1,3,lost
RTL4485,197,4,9026.83,2,1,1,4,lost
RTL3131,252,2,5234.04,2,1,1,4,lost
RTL2651,313,1,481.65,1,1,1,3,lost
RTL4029,2,3,17934.72,4,1,1,6,hibernating
RTL2951,221,1,7255.15,2,1,1,4,lost
RTL3040,517,2,7428.44,1,1,1,3,lost
RTL3979,130,4,785292.37,3,1,4,8,at risk
RTL4504,242,2,204.11,2,1,1,4,lost
RTL1549,775,1,4327.14,1,1,1,3,lost
RTL4845,638,1,3547.14,1,1,1,3,lost
RTL4785,334,3,16331.28,1,1,1,3,lost
RTL1790,112,5,33147.62,3,1,1,5,hibernating
RTL2330,313,2,5838.72,1,1,1,3,lost
RTL4089,273,3,15907.78,2,1,1,4,lost
RTL3946,14,5,44461.71,4,1,1,6,hibernating
RTL3517,128,2,6672.66,3,1,1,5,hibernating
RTL2229,70,3,19212.87,3,1,1,5,hibernating
RTL1375,301,1,858.22,1,1,1,3,lost
RTL4760,4,1,1105.97,4,1,1,6,hibernating
RTL3180,348,2,3055.5,1,1,1,3,lost
RTL4055,220,4,1578857.73,2,1,4,7,at risk
RTL4474,163,4,14783.9,2,1,1,4,lost
RTL3828,48,5,14939.47,4,1,1,6,hibernating
RTL2413,226,3,23504.29,2,1,1,4,lost
RTL4098,201,1,9162.84,2,1,1,4,lost
RTL2701,767,2,4313.29,1,1,1,3,lost
RTL3342,145,1,1168.75,3,1,1,5,hibernating
RTL1956,227,2,534545.31,2,1,4,7,at risk
RTL3088,19,2,8436.28,4,1,1,6,hibernating
RTL1383,33,2,23060.35,4,1,1,6,hibernating
RTL2935,266,1,15373.62,2,1,1,4,lost
RTL4754,108,2,16675.23,3,1,1,5,hibernating
RTL2954,278,4,18171.63,2,1,1,4,lost
RTL3476,16,2,4169.28,4,1,1,6,hibernating
RTL4058,211,5,2373299.23,2,1,4,7,at risk
RTL1361,263,1,1633.8,2,1,1,4,lost
RTL1682,804,1,1129.99,1,1,1,3,lost
RTL4514,255,1,8875.36,2,1,1,4,lost
RTL1065,159,4,14785.91,2,1,1,4,lost
RTL2257,219,5,14642.76,2,1,1,4,lost
RTL3470,37,3,4231.58,4,1,1,6,hibernating
RTL3918,284,1,91.88,2,1,1,4,lost
RTL2306,120,3,571424.73,3,1,4,8,at risk
RTL4525,216,1,9389.23,2,1,1,4,lost
RTL1490,11,4,4374.38,4,1,1,6,hibernating
RTL4686,195,2,10884.28,2,1,1,4,lost
RTL1970,529,1,5279.36,1,1,1,3,lost
RTL1466,334,2,10349.48,1,1,1,3,lost
RTL1984,322,3,24280.57,1,1,1,3,lost
RTL4805,207,4,15959.39,2,1,1,4,lost
RTL3534,27,2,1338.35,4,1,1,6,hibernating
RTL2575,623,2,1415.43,1,1,1,3,lost
RTL1005,317,1,7688.07,1,1,1,3,lost
RTL2420,191,2,6262.6,2,1,1,4,lost
RTL2122,143,2,4850.66,3,1,1,5,hibernating
RTL4424,796,1,214.87,1,1,1,3,lost
RTL3853,558,2,1543.22,1,1,1,3,lost
RTL1503,748,1,11476.68,1,1,1,3,lost
RTL3523,45,5,36055.81,4,1,1,6,hibernating
RTL1598,2,1,8790.47,4,1,1,6,hibernating
RTL1056,79,3,14816.98,3,1,1,5,hibernating
RTL4223,76,7,37437.69,3,1,1,5,hibernating
RTL4842,69,3,15216.03,3,1,1,5,hibernating
RTL4201,336,3,19425.6,1,1,1,3,lost
RTL2248,206,2,9029.19,2,1,1,4,lost
RTL1216,694,1,1890.6,1,1,1,3,lost
RTL3700,57,3,4030.49,3,1,1,5,hibernating
RTL1038,205,3,11184.92,2,1,1,4,lost
RTL2460,290,5,14428.59,2,1,1,4,lost
RTL3868,383,1,7684.44,1,1,1,3,lost
RTL4213,38,3,4435.7,4,1,1,6,hibernating
RTL3715,500,1,254.09,1,1,1,3,lost
RTL3457,230,4,10683.94,2,1,1,4,lost
RTL1767,656,1,253.01,1,1,1,3,lost
RTL4334,3,2,4444.91,4,1,1,6,hibernating
RTL2137,94,7,394219.18,3,1,4,8,at risk
RTL2579,288,1,11217.5,2,1,1,4,lost
RTL4061,322,5,828314.1,1,1,4,6,hibernating
RTL1819,134,2,3943.06,3,1,1,5,hibernating
RTL3768,26,2,3568.82,4,1,1,6,hibernating
RTL4075,247,4,18583.55,2,1,1,4,lost
RTL4660,328,2,2414442.27,1,1,4,6,hibernating
RTL2545,325,1,708.77,1,1,1,3,lost
RTL3600,79,2,8327.65,3,1,1,5,hibernating
RTL1261,136,3,9103.55,3,1,1,5,hibernating
RTL4798,352,1,714.32,1,1,1,3,lost
RTL4222,12,2,14092.45,4,1,1,6,hibernating
RTL3003,360,2,3328.2,1,1,1,3,lost
RTL4215,292,1,272.18,2,1,1,4,lost
RTL1507,109,3,179071.57,3,1,3,7,at risk
RTL1475,711,2,779124.17,1,1,4,6,hibernating
RTL3230,227,2,72299554.59,2,1,4,7,at risk
RTL4386,291,5,664104.64,2,1,4,7,at risk
RTL2221,58,5,7175.59,3,1,1,5,hibernating
RTL1294,252,3,5014.88,2,1,1,4,lost
RTL2959,55,1,945.08,3,1,1,5,hibernating
RTL2846,139,3,17824.65,3,1,1,5,hibernating
RTL3730,53,2,8653.99,3,1,1,5,hibernating
RTL2934,532,1,8578.4,1,1,1,3,lost
RTL3312,602,1,5785.12,1,1,1,3,lost
RTL4536,11,3,18741.69,4,1,1,6,hibernating
RTL2847,128,4,11683.72,3,1,1,5,hibernating
RTL2240,304,2,18783.69,1,1,1,3,lost
RTL4398,187,4,540806.79,2,1,4,7,at risk
RTL4773,577,3,2511.85,1,1,1,3,lost
RTL2544,6,4,13222.89,4,1,1,6,hibernating
RTL1226,647,1,7027.99,1,1,1,3,lost
RTL2307,126,1,1361.9,3,1,1,5,hibernating
RTL2908,400,3,39915.74,1,1,1,3,lost
RTL2740,211,4,12264.11,2,1,1,4,lost
RTL1647,350,2,4597.62,1,1,1,3,lost
RTL4904,23,1,4289.27,4,1,1,6,hibernating
RTL4556,277,5,26510.32,2,1,1,4,lost
RTL4239,295,5,22800.83,2,1,1,4,lost
RTL4471,326,1,3262.61,1,1,1,3,lost
RTL3836,49,3,11815.83,4,1,1,6,hibernating
RTL4437,749,2,8095.12,1,1,1,3,lost
RTL3889,68,3,6084.27,3,1,1,5,hibernating
RTL3597,245,2,1051400.73,2,1,4,7,at risk
RTL1374,143,1,670.03,3,1,1,5,hibernating
RTL1499,217,3,15342.17,2,1,1,4,lost
RTL3128,576,3,1585.04,1,1,1,3,lost
RTL4864,176,3,632791.67,2,1,4,7,at risk
RTL4862,296,2,21573.85,2,1,1,4,lost
RTL2700,430,2,13423.73,1,1,1,3,lost
RTL1545,280,4,4456.35,2,1,1,4,lost
RTL3127,222,1,112.34,2,1,1,4,lost
RTL1799,127,2,1650.74,3,1,1,5,hibernating
RTL3872,241,1,14166.4,2,1,1,4,lost
RTL2244,200,4,32845.0,2,1,1,4,lost
RTL4680,486,1,8361.7,1,1,1,3,lost
RTL4777,235,1,43.36,2,1,1,4,lost
RTL2266,198,3,10332.97,2,1,1,4,lost
RTL1593,229,2,1503.57,2,1,1,4,lost
RTL3417,276,2,23329.34,2,1,1,4,lost
RTL4786,349,4,9365.16,1,1,1,3,lost
RTL1388,28,4,12017.53,4,1,1,6,hibernating
RTL4315,3,1,7866.18,4,1,1,6,hibernating
RTL2260,65,3,2718.51,3,1,1,5,hibernating
RTL2291,210,6,13927.72,2,1,1,4,lost
RTL3002,250,4,3199.89,2,1,1,4,lost
RTL3502,194,3,8253.28,2,1,1,4,lost
RTL1027,185,5,13452.43,2,1,1,4,lost
RTL4712,105,3,14554.21,3,1,1,5,hibernating
RTL1288,407,2,3555.98,1,1,1,3,lost
RTL2217,83,4,7365.21,3,1,1,5,hibernating
RTL3697,336,1,1155.63,1,1,1,3,lost
RTL2051,204,3,33541.48,2,1,1,4,lost
RTL3054,519,1,11275.02,1,1,1,3,lost
RTL3957,414,2,9628.73,1,1,1,3,lost
RTL4056,237,3,4742.84,2,1,1,4,lost
RTL4376,331,2,1234.22,1,1,1,3,lost
RTL1814,266,3,3355.73,2,1,1,4,lost
RTL4256,96,4,6826.64,3,1,1,5,hibernating
RTL3676,438,2,8149.68,1,1,1,3,lost
RTL2378,155,5,16483.52,2,1,1,4,lost
RTL4975,355,3,18247.6,1,1,1,3,lost
RTL4664,153,3,8662.65,2,1,1,4,lost
RTL1613,110,3,9676.65,3,1,1,5,hibernating
RTL1243,202,2,979.01,2,1,1,4,lost
RTL4477,306,4,420720.22,1,1,4,6,hibernating
RTL3880,72,3,5452.16,3,1,1,5,hibernating
RTL4711,488,2,2176.58,1,1,1,3,lost
RTL2336,259,5,12606.11,2,1,1,4,lost
RTL2573,348,2,12216.4,1,1,1,3,lost
RTL1137,228,1,3615.0,2,1,1,4,lost
RTL2253,120,4,1714061.36,3,1,4,8,at risk
RTL2510,517,1,43.42,1,1,1,3,lost
RTL1096,260,2,9247.75,2,1,1,4,lost
RTL4938,322,1,4428.77,1,1,1,3,lost
RTL3687,251,4,5616.88,2,1,1,4,lost
RTL2687,158,2,9021.69,2,1,1,4,lost
RTL3879,79,1,26179.44,3,1,1,5,hibernating
RTL2520,441,2,9417.66,1,1,1,3,lost
RTL3871,33,5,2869.39,4,1,1,6,hibernating
RTL1332,337,1,4171.42,1,1,1,3,lost
RTL2767,661,1,1964.9,1,1,1,3,lost
RTL3440,215,3,11613.05,2,1,1,4,lost
RTL1805,80,6,38367.98,3,1,1,5,hibernating
RTL3701,769,2,10086.66,1,1,1,3,lost
RTL1236,312,3,2344.41,1,1,1,3,lost
RTL2966,471,4,18169.82,1,1,1,3,lost
RTL1664,242,5,36523.67,2,1,1,4,lost
RTL1824,32,3,13040.82,4,1,1,6,hibernating
RTL4948,350,1,11992.61,1,1,1,3,lost
RTL1389,662,1,2245.43,1,1,1,3,lost
RTL2724,619,3,480584.31,1,1,4,6,hibernating
RTL3156,25,4,2433.61,4,1,1,6,hibernating
RTL2515,270,4,15969.61,2,1,1,4,lost
RTL1016,140,4,17957.08,3,1,1,5,hibernating
RTL2081,543,1,6854.82,1,1,1,3,lost
RTL1439,96,2,8157.76,3,1,1,5,hibernating
RTL2628,21,3,22874.93,4,1,1,6,hibernating
RTL1640,685,1,89.2,1,1,1,3,lost
RTL1587,143,3,10767.11,3,1,1,5,hibernating
RTL2299,115,4,2082.5,3,1,1,5,hibernating
RTL2218,219,2,7561.88,2,1,1,4,lost
RTL2566,96,4,5685.95,3,1,1,5,hibernating
RTL1614,124,4,12180.62,3,1,1,5,hibernating
RTL2595,587,2,2073.88,1,1,1,3,lost
RTL3707,632,1,1652.59,1,1,1,3,lost
RTL2955,243,4,19402.15,2,1,1,4,lost
RTL3646,484,1,2855.4,1,1,1,3,lost
RTL1929,42,3,4529.23,4,1,1,6,hibernating
RTL4167,49,4,14056.99,4,1,1,6,hibernating
RTL2047,121,4,5858.78,3,1,1,5,hibernating
RTL3576,228,1,743.09,2,1,1,4,lost
RTL1624,300,1,13313.92,2,1,1,4,lost
RTL1479,137,1,73.56,3,1,1,5,hibernating
RTL4344,2,3,7574.68,4,1,1,6,hibernating
RTL1852,264,1,12722.24,2,1,1,4,lost
RTL3869,43,3,14855.43,4,1,1,6,hibernating
RTL1529,127,3,6822.49,3,1,1,5,hibernating
RTL2568,24,2,499.55,4,1,1,6,hibernating
RTL1572,265,3,4776.71,2,1,1,4,lost
RTL4860,206,4,17260.53,2,1,1,4,lost
RTL1100,293,1,4318.8,2,1,1,4,lost
RTL4684,57,2,7247.06,3,1,1,5,hibernating
RTL4403,387,1,2213.2,1,1,1,3,lost
RTL4924,163,3,8793.34,2,1,1,4,lost
RTL2402,55,6,33587.34,3,1,1,5,hibernating
RTL1869,307,3,19557.96,1,1,1,3,lost
RTL1599,270,1,8353.63,2,1,1,4,lost
RTL3695,156,5,16169.21,2,1,1,4,lost
RTL4668,55,1,3829.37,3,1,1,5,hibernating
RTL4560,271,5,294864.37,2,1,4,7,at risk
RTL3058,121,1,12823.46,3,1,1,5,hibernating
RTL1015,239,1,2865.96,2,1,1,4,lost
RTL2352,562,2,2394.06,1,1,1,3,lost
RTL3075,416,1,8964.96,1,1,1,3,lost
RTL4143,679,1,1456.88,1,1,1,3,lost
RTL4449,30,2,4086.9,4,1,1,6,hibernating
RTL1596,134,1,7503.86,3,1,1,5,hibernating
RTL1868,333,2,3894.58,1,1,1,3,lost
RTL4875,143,3,1610076.15,3,1,4,8,at risk
RTL3548,150,3,12811.51,3,1,1,5,hibernating
RTL3434,787,1,915.25,1,1,1,3,lost
RTL3412,22,1,11164.88,4,1,1,6,hibernating
RTL3887,290,2,5537.59,2,1,1,4,lost
RTL1310,500,1,3300.7,1,1,1,3,lost
RTL3486,200,4,21729.24,2,1,1,4,lost
RTL3900,268,3,13869.87,2,1,1,4,lost
RTL1326,111,2,2072.75,3,1,1,5,hibernating
RTL1509,342,3,17987.83,1,1,1,3,lost
RTL2479,211,2,5081.93,2,1,1,4,lost
RTL1271,71,2,8942.2,3,1,1,5,hibernating
RTL1468,144,3,10015.57,3,1,1,5,hibernating
RTL2362,272,4,28616.08,2,1,1,4,lost
RTL4596,95,1,4063.45,3,1,1,5,hibernating
RTL1900,328,2,1514.32,1,1,1,3,lost
RTL3431,276,1,12713.94,2,1,1,4,lost
RTL2223,239,5,13485.9,2,1,1,4,lost
RTL1662,254,5,21072.86,2,1,1,4,lost
RTL3994,501,2,6928.86,1,1,1,3,lost
RTL1725,41,3,5850.44,4,1,1,6,hibernating
RTL2273,82,5,13511.68,3,1,1,5,hibernating
RTL4673,66,1,1395.47,3,1,1,5,hibernating
RTL1606,174,5,15865.97,2,1,1,4,lost
RTL3528,213,1,9314.37,2,1,1,4,lost
RTL1000,72,5,29417.99,3,1,1,5,hibernating
RTL4330,230,1,15660.6,2,1,1,4,lost
RTL4566,24,4,6590.77,4,1,1,6,hibernating
RTL4229,156,4,13989.46,2,1,1,4,lost
RTL1992,57,1,1107.52,3,1,1,5,hibernating
RTL3056,297,2,1514.32,2,1,1,4,lost
RTL3381,411,3,1151290.75,1,1,4,6,hibernating
RTL2511,227,7,26512.95,2,1,1,4,lost
RTL4148,48,2,1997.92,4,1,1,6,hibernating
RTL4101,296,2,16585.42,2,1,1,4,lost
RTL1272,698,2,2419316.37,1,1,4,6,hibernating
RTL2282,165,2,9664.74,2,1,1,4,lost
RTL2115,280,2,9792.36,2,1,1,4,lost
RTL3759,128,1,706.46,3,1,1,5,hibernating
RTL3864,82,5,20287.92,3,1,1,5,hibernating
RTL2444,197,3,1881391.63,2,1,4,7,at risk
RTL1673,216,4,11875.38,2,1,1,4,lost
RTL3087,497,1,3376.91,1,1,1,3,lost
RTL2085,40,1,2988.06,4,1,1,6,hibernating
RTL4408,354,3,11694.61,1,1,1,3,lost
RTL1933,144,2,11932.26,3,1,1,5,hibernating
RTL3514,738,1,167.26,1,1,1,3,lost
RTL4472,492,1,5770.52,1,1,1,3,lost
RTL3653,45,4,25493.97,4,1,1,6,hibernating
RTL2427,51,3,17809.98,3,1,1,5,hibernating
RTL2403,164,3,3934.77,2,1,1,4,lost
RTL1704,326,1,13157.71,1,1,1,3,lost
RTL4726,21,3,15962.18,4,1,1,6,hibernating
RTL4340,109,3,22708.94,3,1,1,5,hibernating
RTL4196,52,8,37317.69,3,1,1,5,hibernating
RTL4240,18,3,1110318.9,4,1,4,9,loyal
RTL3708,290,1,309.26,2,1,1,4,lost
RTL4921,82,3,20099.46,3,1,1,5,hibernating
RTL4494,274,1,164.28,2,1,1,4,lost
RTL1128,61,3,3072.42,3,1,1,5,hibernating
RTL2762,424,3,4545.26,1,1,1,3,lost
RTL1213,557,2,1339.04,1,1,1,3,lost
RTL2018,208,1,6983.46,2,1,1,4,lost
RTL2014,46,2,7504.11,4,1,1,6,hibernating
RTL2289,416,3,6226.11,1,1,1,3,lost
RTL4088,109,4,14941.27,3,1,1,5,hibernating
RTL2880,314,2,10086.12,1,1,1,3,lost
RTL1419,233,2,9313.01,2,1,1,4,lost
RTL4820,154,2,2222.91,2,1,1,4,lost
RTL1713,87,1,142.8,3,1,1,5,hibernating
RTL3546,8,4,9269.27,4,1,1,6,hibernating
RTL3193,502,2,6789.82,1,1,1,3,lost
RTL2498,34,2,237560.8,4,1,3,8,at risk
RTL2763,300,2,4174.35,2,1,1,4,lost
RTL4681,161,1,13648.53,2,1,1,4,lost
RTL3061,35,4,17642.98,4,1,1,6,hibernating
RTL1369,96,3,9997.86,3,1,1,5,hibernating
RTL1279,317,3,14570.63,1,1,1,3,lost
RTL4683,229,3,11620.66,2,1,1,4,lost
RTL3680,314,3,15025.36,1,1,1,3,lost
RTL3566,78,3,3661.02,3,1,1,5,hibernating
RTL1401,530,1,23806.69,1,1,1,3,lost
RTL4247,199,3,8286.67,2,1,1,4,lost
RTL4326,274,2,3460.7,2,1,1,4,lost
RTL1585,223,3,8088.1,2,1,1,4,lost
RTL2691,218,4,10679.15,2,1,1,4,lost
RTL2262,722,1,9936.59,1,1,1,3,lost
RTL2031,800,1,2376.09,1,1,1,3,lost
RTL1660,260,2,115041.09,2,1,3,6,hibernating
RTL2445,261,2,4667.15,2,1,1,4,lost
RTL3000,83,2,6994.5,3,1,1,5,hibernating
RTL2453,11,4,15659.95,4,1,1,6,hibernating
RTL3608,666,1,10893.43,1,1,1,3,lost
RTL2234,384,1,9900.75,1,1,1,3,lost
RTL1142,302,1,2647.36,1,1,1,3,lost
RTL3157,40,1,5322.53,4,1,1,6,hibernating
RTL3962,265,3,11756.97,2,1,1,4,lost
RTL3455,387,3,9557.66,1,1,1,3,lost
RTL1646,23,6,846583.57,4,1,4,9,loyal
RTL3204,298,5,33710.42,2,1,1,4,lost
RTL3322,61,2,15033.08,3,1,1,5,hibernating
RTL1915,122,4,14367.73,3,1,1,5,hibernating
RTL2388,310,2,1800.57,1,1,1,3,lost
RTL1331,285,2,6324.2,2,1,1,4,lost
RTL1230,391,4,10243.09,1,1,1,3,lost
RTL2094,297,3,5878.33,2,1,1,4,lost
RTL3279,265,3,2504775.68,2,1,4,7,at risk
RTL4454,220,2,4958.19,2,1,1,4,lost
RTL4540,74,4,2501572.59,3,1,4,8,at risk
RTL2988,612,2,403519.33,1,1,4,6,hibernating
RTL2981,295,1,2934.36,2,1,1,4,lost
RTL1363,62,3,4040.36,3,1,1,5,hibernating
RTL3126,13,5,16190.85,4,1,1,6,hibernating
RTL4451,250,1,1482.77,2,1,1,4,lost
RTL3012,81,1,1701.28,3,1,1,5,hibernating
RTL2290,246,4,19913.56,2,1,1,4,lost
RTL1783,324,3,10129.91,1,1,1,3,lost
RTL2755,180,4,2310.73,2,1,1,4,lost
RTL3557,418,2,10480.83,1,1,1,3,lost
RTL4911,13,6,9687.88,4,1,1,6,hibernating
RTL4896,24,5,24796.51,4,1,1,6,hibernating
RTL1513,286,3,9611.37,2,1,1,4,lost
RTL4062,99,3,1820.93,3,1,1,5,hibernating
RTL2204,225,3,7784.7,2,1,1,4,lost
RTL3739,253,3,14089.25,2,1,1,4,lost
RTL2899,197,4,10363.44,2,1,1,4,lost
RTL2867,232,2,17438.79,2,1,1,4,lost
RTL4702,180,4,6296.23,2,1,1,4,lost
RTL2648,135,4,329444.91,3,1,4,8,at risk
RTL2281,266,5,15822.33,2,1,1,4,lost
RTL2904,201,3,14511.76,2,1,1,4,lost
RTL3125,280,3,6094.27,2,1,1,4,lost
RTL3847,793,1,491.12,1,1,1,3,lost
RTL3183,251,3,15848.12,2,1,1,4,lost
RTL4226,761,1,1972.53,1,1,1,3,lost
RTL4677,221,3,12467.9,2,1,1,4,lost
RTL4784,76,1,8260.17,3,1,1,5,hibernating
RTL3573,6,3,13452.14,4,1,1,6,hibernating
RTL1150,198,1,313.1,2,1,1,4,lost
RTL4091,696,1,5326.64,1,1,1,3,lost
RTL3742,235,5,15063.39,2,1,1,4,lost
RTL3447,114,4,27470.91,3,1,1,5,hibernating
RTL2989,49,2,2208.79,4,1,1,6,hibernating
RTL1069,243,2,9816.57,2,1,1,4,lost
RTL1484,91,5,17846.44,3,1,1,5,hibernating
RTL2003,220,2,10335.04,2,1,1,4,lost
RTL3066,100,3,11948.6,3,1,1,5,hibernating
RTL3387,280,4,15793.45,2,1,1,4,lost
RTL2030,325,2,19901.55,1,1,1,3,lost
RTL4690,811,1,1640.97,1,1,1,3,lost
RTL1241,305,1,2260.16,1,1,1,3,lost
RTL3920,271,3,7296.1,2,1,1,4,lost
RTL2049,47,3,11095.32,4,1,1,6,hibernating
RTL4593,239,1,1796.93,2,1,1,4,lost
RTL2366,358,4,30793.35,1,1,1,3,lost
RTL2895,214,3,17654.1,2,1,1,4,lost
RTL1910,114,4,7975.55,3,1,1,5,hibernating
RTL2534,17,5,31225.16,4,1,1,6,hibernating
RTL1952,49,4,12828.22,4,1,1,6,hibernating
RTL1862,44,4,18671.76,4,1,1,6,hibernating
RTL4656,16,4,13706.36,4,1,1,6,hibernating
RTL3618,343,2,256.57,1,1,1,3,lost
RTL4725,397,1,470.56,1,1,1,3,lost
RTL3793,2,5,5097.82,4,1,1,6,hibernating
RTL3065,331,4,7776.14,1,1,1,3,lost
RTL4920,23,3,6453.5,4,1,1,6,hibernating
RTL1421,499,3,6000.93,1,1,1,3,lost
RTL3746,89,4,27618.43,3,1,1,5,hibernating
RTL3017,640,1,4724.8,1,1,1,3,lost
RTL1292,31,1,2155444.83,4,1,4,9,loyal
RTL1352,248,2,5806.63,2,1,1,4,lost
RTL2274,268,3,10587.92,2,1,1,4,lost
RTL3256,684,1,3866.22,1,1,1,3,lost
RTL3539,91,1,8163.0,3,1,1,5,hibernating
RTL1103,75,2,5283.81,3,1,1,5,hibernating
RTL4962,97,3,1699.65,3,1,1,5,hibernating
RTL2476,285,2,4643.36,2,1,1,4,lost
RTL4164,177,1,4755.79,2,1,1,4,lost
RTL2690,232,3,17691.45,2,1,1,4,lost
RTL2808,791,1,978.95,1,1,1,3,lost
RTL4774,422,1,2787.43,1,1,1,3,lost
RTL2004,248,3,9022.25,2,1,1,4,lost
RTL4375,17,1,23.68,4,1,1,6,hibernating
RTL1700,229,2,12708.31,2,1,1,4,lost
RTL3021,512,1,4485.14,1,1,1,3,lost
RTL4585,364,2,1335.67,1,1,1,3,lost
RTL3049,15,6,159999.4,4,1,3,8,at risk
RTL3236,228,3,15950.0,2,1,1,4,lost
RTL1173,403,2,13617.17,1,1,1,3,lost
RTL1333,47,5,29466.56,4,1,1,6,hibernating
RTL4031,281,3,5086.7,2,1,1,4,lost
RTL4604,343,1,6756.39,1,1,1,3,lost
RTL1968,63,2,8296.04,3,1,1,5,hibernating
RTL4925,57,5,24884.13,3,1,1,5,hibernating
RTL1561,246,4,7107815.6,2,1,4,7,at risk
RTL4203,130,6,23624.3,3,1,1,5,hibernating
RTL3909,207,4,14477.63,2,1,1,4,lost
RTL4609,55,2,9199.27,3,1,1,5,hibernating
RTL2164,632,2,6655.97,1,1,1,3,lost
RTL2006,29,3,6828.0,4,1,1,6,hibernating
RTL2820,320,6,16158.39,1,1,1,3,lost
RTL3595,527,2,8365.19,1,1,1,3,lost
RTL4183,759,1,1116.12,1,1,1,3,lost
RTL4913,301,2,1246260.98,1,1,4,6,hibernating
RTL4379,461,2,3344.57,1,1,1,3,lost
RTL3429,259,5,5638.78,2,1,1,4,lost
RTL1534,196,8,1546256.14,2,1,4,7,at risk
RTL2293,2,4,27287.7,4,1,1,6,hibernating
RTL3636,142,4,16565.74,3,1,1,5,hibernating
RTL1218,439,1,198.99,1,1,1,3,lost
RTL4393,313,1,7324.62,1,1,1,3,lost
RTL2308,104,6,451243.83,3,1,4,8,at risk
RTL3186,554,1,4671.87,1,1,1,3,lost
RTL3738,41,3,19025.96,4,1,1,6,hibernating
RTL1782,89,4,12873.66,3,1,1,5,hibernating
RTL4676,225,1,522.96,2,1,1,4,lost
RTL3599,72,5,16525.74,3,1,1,5,hibernating
RTL2814,140,3,1432.38,3,1,1,5,hibernating
RTL4970,81,3,13098.02,3,1,1,5,hibernating
RTL1299,223,2,6483.76,2,1,1,4,lost
RTL3740,235,2,10698.22,2,1,1,4,lost
RTL4233,275,3,9892.48,2,1,1,4,lost
RTL2947,149,2,10537.58,3,1,1,5,hibernating
RTL2120,240,5,21506.0,2,1,1,4,lost
RTL3349,567,2,9659.88,1,1,1,3,lost
RTL1649,448,1,1580.38,1,1,1,3,lost
RTL2208,237,2,8189.4,2,1,1,4,lost
RTL2948,85,1,2658.1,3,1,1,5,hibernating
RTL4509,530,1,697.5,1,1,1,3,lost
RTL4372,361,3,26144.26,1,1,1,3,lost
RTL3462,794,1,2357.28,1,1,1,3,lost
RTL1441,318,2,6062.01,1,1,1,3,lost
RTL1512,27,4,18260.35,4,1,1,6,hibernating
RTL4200,198,5,17533.09,2,1,1,4,lost
RTL4060,73,2,3658.56,3,1,1,5,hibernating
RTL2671,649,3,17639.09,1,1,1,3,lost
RTL2404,92,4,29033.45,3,1,1,5,hibernating
RTL1947,365,3,4993.75,1,1,1,3,lost
RTL1183,245,5,21750.38,2,1,1,4,lost
RTL1240,204,2,4247.51,2,1,1,4,lost
RTL4639,386,1,7681.65,1,1,1,3,lost
RTL4555,149,2,1909.72,3,1,1,5,hibernating
RTL4404,164,6,13617.34,2,1,1,4,lost
RTL2747,204,4,74390.79,2,1,2,5,hibernating
RTL4351,792,1,15500.44,1,1,1,3,lost
RTL2894,272,1,1768.59,2,1,1,4,lost
RTL1339,259,2,10184.67,2,1,1,4,lost
RTL3287,174,2,3879.16,2,1,1,4,lost
RTL3190,136,7,5485.23,3,1,1,5,hibernating
RTL4732,332,1,760.99,1,1,1,3,lost
RTL3812,338,3,6911.06,1,1,1,3,lost
RTL4637,439,1,2874.56,1,1,1,3,lost
RTL2486,671,1,9928.44,1,1,1,3,lost
RTL2722,281,3,1806.46,2,1,1,4,lost
RTL1650,142,6,20718.31,3,1,1,5,hibernating
RTL1792,247,4,16933.75,2,1,1,4,lost
RTL3570,97,3,16908.13,3,1,1,5,hibernating
RTL3039,57,1,1056.47,3,1,1,5,hibernating
RTL4645,67,4,15858.95,3,1,1,5,hibernating
RTL4801,279,2,2534.67,2,1,1,4,lost
RTL3367,98,2,1528.62,3,1,1,5,hibernating
RTL3323,249,1,532978.0,2,1,4,7,at risk
RTL3750,31,3,20767.74,4,1,1,6,hibernating
RTL4067,156,8,242867.67,2,1,3,6,hibernating
RTL4548,254,3,16422.5,2,1,1,4,lost
RTL1706,88,4,199547.09,3,1,3,7,at risk
RTL4027,676,3,9587.81,1,1,1,3,lost
RTL4793,291,3,11453.53,2,1,1,4,lost
RTL2825,227,4,28992.17,2,1,1,4,lost
RTL1547,63,2,13860.44,3,1,1,5,hibernating
RTL2676,316,5,17561.96,1,1,1,3,lost
RTL3567,268,2,6725.92,2,1,1,4,lost
RTL2128,298,2,3500.92,2,1,1,4,lost
RTL1252,379,1,13480.2,1,1,1,3,lost
RTL3773,822,1,359.92,1,1,1,3,lost
RTL2150,84,1,2690.76,3,1,1,5,hibernating
RTL4380,346,2,8745.84,1,1,1,3,lost
RTL2364,292,4,21458.95,2,1,1,4,lost
RTL4445,452,2,15016.76,1,1,1,3,lost
RTL1536,443,2,1213.51,1,1,1,3,lost
RTL2797,166,3,3869.29,2,1,1,4,lost
RTL3104,284,3,13159.96,2,1,1,4,lost
RTL1139,41,3,4919.73,4,1,1,6,hibernating
RTL2967,237,3,21837.74,2,1,1,4,lost
RTL1666,441,4,2119.15,1,1,1,3,lost
RTL1146,364,2,7622.35,1,1,1,3,lost
RTL2642,148,4,10018.36,3,1,1,5,hibernating
RTL2467,145,7,40219.0,3,1,1,5,hibernating
RTL1017,171,2,1477.37,2,1,1,4,lost
RTL3315,202,1,2375.44,2,1,1,4,lost
RTL3309,171,1,3681.84,2,1,1,4,lost
RTL1610,210,5,24710.04,2,1,1,4,lost
RTL2831,220,1,4886.85,2,1,1,4,lost
RTL4561,254,1,128.94,2,1,1,4,lost
RTL4301,285,4,12588.9,2,1,1,4,lost
RTL4068,284,2,3689.33,2,1,1,4,lost
RTL4958,141,1,2252.28,3,1,1,5,hibernating
RTL2663,245,2,3164.32,2,1,1,4,lost
RTL2758,231,2,1810223.07,2,1,4,7,at risk
RTL4488,99,2,5508.62,3,1,1,5,hibernating
RTL2351,76,1,630.84,3,1,1,5,hibernating
RTL2892,98,2,6947.17,3,1,1,5,hibernating
RTL1724,47,4,9845.92,4,1,1,6,hibernating
RTL2423,143,2,4324.23,3,1,1,5,hibernating
RTL2092,508,3,6489.0,1,1,1,3,lost
RTL2773,295,3,7452.27,2,1,1,4,lost
RTL2734,515,2,7679.33,1,1,1,3,lost
RTL4290,412,1,3563.58,1,1,1,3,lost
RTL3973,354,1,408.86,1,1,1,3,lost
RTL3263,67,3,9741.4,3,1,1,5,hibernating
RTL2926,506,2,11606.57,1,1,1,3,lost
RTL3574,236,3,7303.21,2,1,1,4,lost
RTL1035,397,2,2731.71,1,1,1,3,lost
RTL4039,210,2,3281.38,2,1,1,4,lost
RTL4882,319,2,2719.13,1,1,1,3,lost
RTL4528,267,2,3949.1,2,1,1,4,lost
RTL4353,457,1,18.36,1,1,1,3,lost
RTL3915,524,1,3395.85,1,1,1,3,lost
RTL4313,235,3,9345.65,2,1,1,4,lost
RTL1287,207,3,13702.74,2,1,1,4,lost
RTL2295,341,1,15355.36,1,1,1,3,lost
RTL4446,16,1,3841.56,4,1,1,6,hibernating
RTL1396,152,3,985.66,2,1,1,4,lost
RTL2409,53,3,11408.86,3,1,1,5,hibernating
RTL4421,243,3,11849.16,2,1,1,4,lost
RTL1993,220,1,2489.7,2,1,1,4,lost
RTL4038,407,3,1372804.15,1,1,4,6,hibernating
RTL4296,20,2,776434.51,4,1,4,9,loyal
RTL3380,226,2,3084.3,2,1,1,4,lost
RTL4584,425,3,4947.62,1,1,1,3,lost
RTL4450,729,1,2247.7,1,1,1,3,lost
RTL1860,178,1,418.86,2,1,1,4,lost
RTL4174,44,2,2265582.53,4,1,4,9,loyal
RTL2070,470,4,28336.67,1,1,1,3,lost
RTL1122,358,2,3688.83,1,1,1,3,lost
RTL2654,190,2,11690.5,2,1,1,4,lost
RTL2145,122,4,11911.88,3,1,1,5,hibernating
RTL4855,33,2,22053.23,4,1,1,6,hibernating
RTL3803,243,2,3251.31,2,1,1,4,lost
RTL2480,26,3,1337.89,4,1,1,6,hibernating
RTL1385,33,3,9065.79,4,1,1,6,hibernating
RTL2505,338,2,3259.75,1,1,1,3,lost
RTL1092,276,3,12098.34,2,1,1,4,lost
RTL3385,843,1,1317.38,1,1,1,3,lost
RTL1032,47,7,53445.75,4,1,2,7,at risk
RTL1309,832,1,4076.28,1,1,1,3,lost
RTL1337,87,6,20089.12,3,1,1,5,hibernating
RTL4649,269,4,14698.19,2,1,1,4,lost
RTL1626,296,1,1160.41,2,1,1,4,lost
RTL1133,535,1,7972.01,1,1,1,3,lost
RTL1436,70,1,252352.79,3,1,4,8,at risk
RTL3445,108,4,16164.37,3,1,1,5,hibernating
RTL1948,165,1,1848.65,2,1,1,4,lost
RTL4545,181,3,9553.71,2,1,1,4,lost
RTL3404,499,1,3465.93,1,1,1,3,lost
RTL1464,317,2,3631.23,1,1,1,3,lost
RTL3144,351,2,34438.83,1,1,1,3,lost
RTL1762,41,2,1775.33,4,1,1,6,hibernating
RTL1770,129,3,1517.47,3,1,1,5,hibernating
RTL2792,150,2,10292.43,3,1,1,5,hibernating
RTL2706,324,2,4084.19,1,1,1,3,lost
RTL1002,250,1,49.08,2,1,1,4,lost
RTL1914,439,1,1192.59,1,1,1,3,lost
RTL4791,546,2,42694.26,1,1,1,3,lost
RTL1744,263,4,18777.57,2,1,1,4,lost
RTL1344,337,1,7578.62,1,1,1,3,lost
RTL2369,48,2,4954.88,4,1,1,6,hibernating
RTL2272,317,1,7407.18,1,1,1,3,lost
RTL3841,157,4,16327.7,2,1,1,4,lost
RTL3178,229,2,3611.19,2,1,1,4,lost
RTL4077,152,2,15615.11,2,1,1,4,lost
RTL4916,229,3,6641.52,2,1,1,4,lost
RTL3176,129,3,24498.47,3,1,1,5,hibernating
RTL3318,347,1,9866.02,1,1,1,3,lost
RTL3062,103,3,7145.72,3,1,1,5,hibernating
RTL2862,732,2,12577.07,1,1,1,3,lost
RTL3026,258,2,7172.1,2,1,1,4,lost
RTL2155,108,4,10577.48,3,1,1,5,hibernating
RTL1679,291,2,5328.25,2,1,1,4,lost
RTL4744,375,1,31.82,1,1,1,3,lost
RTL4500,113,1,8257.5,3,1,1,5,hibernating
RTL4448,60,3,10587.2,3,1,1,5,hibernating
RTL3644,20,3,6537.11,4,1,1,6,hibernating
RTL4185,236,1,551.18,2,1,1,4,lost
RTL2710,456,2,8872.74,1,1,1,3,lost
RTL3167,161,4,7435.46,2,1,1,4,lost
RTL4605,131,6,42642.89,3,1,1,5,hibernating
RTL1104,249,3,40006.25,2,1,1,4,lost
RTL1307,69,2,8222.14,3,1,1,5,hibernating
RTL4912,289,3,13235.45,2,1,1,4,lost
RTL2995,50,5,16933.37,4,1,1,6,hibernating
RTL1560,11,4,33871.72,4,1,1,6,hibernating
RTL3896,314,3,13924.92,1,1,1,3,lost
RTL1209,111,3,576061.32,3,1,4,8,at risk
RTL4377,316,4,25371.65,1,1,1,3,lost
RTL2088,464,2,1315.71,1,1,1,3,lost
RTL3435,306,1,2695.45,1,1,1,3,lost
RTL2907,265,4,611383.02,2,1,4,7,at risk
RTL3696,87,1,3764.65,3,1,1,5,hibernating
RTL2932,221,2,25712.36,2,1,1,4,lost
RTL1205,752,1,6412.59,1,1,1,3,lost
RTL2121,359,1,11087.46,1,1,1,3,lost
RTL1994,576,2,10346.09,1,1,1,3,lost
RTL3719,241,1,29.9,2,1,1,4,lost
RTL1887,461,1,776.48,1,1,1,3,lost
RTL4310,198,5,13786.16,2,1,1,4,lost
RTL1395,306,1,5779.43,1,1,1,3,lost
RTL1423,762,1,220.17,1,1,1,3,lost
RTL4126,152,3,18621.89,2,1,1,4,lost
RTL3757,280,3,17941.87,2,1,1,4,lost
RTL3092,243,2,3914.63,2,1,1,4,lost
RTL1112,331,4,21138.75,1,1,1,3,lost
RTL4821,232,1,2195.0,2,1,1,4,lost
RTL1859,330,4,17140.71,1,1,1,3,lost
RTL2942,666,1,4928.66,1,1,1,3,lost
RTL1921,342,2,17169.87,1,1,1,3,lost
RTL4532,122,4,9727.08,3,1,1,5,hibernating
RTL3519,314,4,24890.16,1,1,1,3,lost
RTL1655,77,1,352.53,3,1,1,5,hibernating
RTL4107,462,3,2929.89,1,1,1,3,lost
RTL3450,349,4,18453.7,1,1,1,3,lost
RTL4679,249,1,1342.32,2,1,1,4,lost
RTL4150,203,5,10320.46,2,1,1,4,lost
RTL2488,146,4,24791.12,3,1,1,5,hibernating
RTL3475,126,4,9709.11,3,1,1,5,hibernating
RTL1392,256,2,156.9,2,1,1,4,lost
RTL2328,72,1,145.74,3,1,1,5,hibernating
RTL3317,48,3,8699.01,4,1,1,6,hibernating
RTL3119,155,2,5486.59,2,1,1,4,lost
RTL4960,325,2,16848.6,1,1,1,3,lost
RTL1962,177,1,241.67,2,1,1,4,lost
RTL1567,73,2,2134.08,3,1,1,5,hibernating
RTL4131,36,2,6256.18,4,1,1,6,hibernating
RTL3894,102,2,12632.04,3,1,1,5,hibernating
RTL2436,287,4,12080.07,2,1,1,4,lost
RTL1238,277,1,1104.75,2,1,1,4,lost
RTL1622,317,1,8202.64,1,1,1,3,lost
RTL1322,579,3,20499.66,1,1,1,3,lost
RTL4788,5,7,25606.44,4,1,1,6,hibernating
RTL2363,113,3,13331.9,3,1,1,5,hibernating
RTL3396,593,1,110.87,1,1,1,3,lost
RTL1785,246,2,9396.14,2,1,1,4,lost
RTL4392,278,3,10890.65,2,1,1,4,lost
RTL2509,6,5,8657.92,4,1,1,6,hibernating
RTL4284,378,1,4802.83,1,1,1,3,lost
RTL1039,294,1,3347.52,2,1,1,4,lost
RTL1683,195,1,2338.27,2,1,1,4,lost
RTL2421,66,5,18193.0,3,1,1,5,hibernating
RTL1815,260,2,8206.37,2,1,1,4,lost
RTL2499,299,1,844.34,2,1,1,4,lost
RTL2417,400,4,22929.59,1,1,1,3,lost
RTL3090,75,5,19965.77,3,1,1,5,hibernating
RTL4324,76,3,15647.21,3,1,1,5,hibernating
RTL3943,640,2,3719.14,1,1,1,3,lost
RTL1943,27,3,4111.9,4,1,1,6,hibernating
RTL2993,239,2,1809.96,2,1,1,4,lost
RTL1543,248,3,8213.09,2,1,1,4,lost
RTL1254,283,1,226.68,2,1,1,4,lost
RTL1737,523,3,771580.78,1,1,4,6,hibernating
RTL1457,66,5,22984.98,3,1,1,5,hibernating
RTL2507,198,3,15882.44,2,1,1,4,lost
RTL4312,49,2,532.62,4,1,1,6,hibernating
RTL1619,270,1,4093.67,2,1,1,4,lost
RTL3623,567,1,2072.91,1,1,1,3,lost
RTL4374,37,2,3339.17,4,1,1,6,hibernating
RTL4210,289,2,1067.12,2,1,1,4,lost
RTL2857,560,2,6059.33,1,1,1,3,lost
RTL4614,246,1,1513.25,2,1,1,4,lost
RTL1942,110,7,26565.35,3,1,1,5,hibernating
RTL3881,218,3,22085.85,2,1,1,4,lost
RTL4135,694,1,5327.4,1,1,1,3,lost
RTL2688,253,5,18464.12,2,1,1,4,lost
RTL4257,71,5,234448.88,3,1,3,7,at risk
RTL4897,232,1,9662.33,2,1,1,4,lost
RTL4501,265,3,21658.51,2,1,1,4,lost
RTL2667,505,1,108.7,1,1,1,3,lost
RTL1443,353,4,11667.6,1,1,1,3,lost
RTL3601,342,2,9717.15,1,1,1,3,lost
RTL1245,70,3,9532.94,3,1,1,5,hibernating
RTL2118,451,2,7035.52,1,1,1,3,lost
RTL1384,65,3,26359.68,3,1,1,5,hibernating
RTL4672,15,2,3670.03,4,1,1,6,hibernating
RTL4378,436,1,8486.06,1,1,1,3,lost
RTL1876,502,3,12512.23,1,1,1,3,lost
RTL3854,820,1,8142.13,1,1,1,3,lost
RTL2542,289,1,715.46,2,1,1,4,lost
RTL4747,223,3,15749.55,2,1,1,4,lost
RTL4831,421,2,2944.53,1,1,1,3,lost
RTL4009,406,2,596.66,1,1,1,3,lost
RTL4410,344,1,538.25,1,1,1,3,lost
RTL2117,275,2,12402.1,2,1,1,4,lost
RTL3259,104,3,10618.79,3,1,1,5,hibernating
RTL1906,349,3,17138.28,1,1,1,3,lost
RTL3677,521,2,7281.06,1,1,1,3,lost
RTL4651,574,3,15344.63,1,1,1,3,lost
RTL2597,106,4,1002815.73,3,1,4,8,at risk
RTL3295,221,3,7545.34,2,1,1,4,lost
RTL2901,249,3,113984.84,2,1,3,6,hibernating
RTL1198,285,1,12112.49,2,1,1,4,lost
RTL2619,196,3,14001.4,2,1,1,4,lost
RTL4123,233,5,15851.94,2,1,1,4,lost
RTL2032,272,3,10175.12,2,1,1,4,lost
RTL4641,196,2,5409.9,2,1,1,4,lost
RTL1801,256,2,4777.81,2,1,1,4,lost
RTL1632,145,1,2077.69,3,1,1,5,hibernating
RTL4093,173,4,25464.12,2,1,1,4,lost
RTL1268,56,3,20469.49,3,1,1,5,hibernating
RTL1286,335,2,2549.44,1,1,1,3,lost
RTL2812,140,1,1007.76,3,1,1,5,hibernating
RTL4543,203,2,9753.55,2,1,1,4,lost
RTL2670,92,5,629190.18,3,1,4,8,at risk
RTL2738,117,4,24420.82,3,1,1,5,hibernating
RTL2921,62,2,1575.9,3,1,1,5,hibernating
RTL4987,43,2,2689.97,4,1,1,6,hibernating
RTL2222,220,2,8617.1,2,1,1,4,lost
RTL2077,262,1,2953.7,2,1,1,4,lost
RTL3785,851,1,1076.4,1,1,1,3,lost
RTL2928,258,2,7885.16,2,1,1,4,lost
RTL3910,154,5,22755.69,2,1,1,4,lost
RTL1918,452,3,28027.52,1,1,1,3,lost
RTL2877,317,1,2095.74,1,1,1,3,lost
RTL4279,177,4,18808.02,2,1,1,4,lost
RTL4743,697,2,4065.39,1,1,1,3,lost
RTL2111,110,2,21279.41,3,1,1,5,hibernating
RTL3846,186,4,9569.28,2,1,1,4,lost
RTL3366,239,3,8649.88,2,1,1,4,lost
RTL2906,203,2,29185.7,2,1,1,4,lost
RTL2537,592,2,372.2,1,1,1,3,lost
RTL4253,58,4,30769.93,3,1,1,5,hibernating
RTL1492,98,6,2284074.1,3,1,4,8,at risk
RTL4177,284,2,3527.78,2,1,1,4,lost
RTL3617,7,3,4354.37,4,1,1,6,hibernating
RTL4824,311,1,8920.08,1,1,1,3,lost
RTL3020,150,2,19083.53,3,1,1,5,hibernating
RTL1058,64,3,573870.77,3,1,4,8,at risk
RTL3146,175,2,3136.86,2,1,1,4,lost
RTL3280,173,3,10884.13,2,1,1,4,lost
RTL3858,404,2,4693.53,1,1,1,3,lost
RTL3478,22,4,15708.57,4,1,1,6,hibernating
RTL1473,163,5,1193201.42,2,1,4,7,at risk
RTL4072,117,2,3528.12,3,1,1,5,hibernating
RTL2451,72,3,26595.99,3,1,1,5,hibernating
RTL3333,92,2,5615.29,3,1,1,5,hibernating
RTL4546,74,5,20016.52,3,1,1,5,hibernating
RTL3737,78,3,9795.15,3,1,1,5,hibernating
RTL1461,259,2,4298.3,2,1,1,4,lost
RTL2996,328,2,25979.52,1,1,1,3,lost
RTL1149,83,4,27247.6,3,1,1,5,hibernating
RTL3258,219,5,26630.42,2,1,1,4,lost
RTL4843,19,2,13508.36,4,1,1,6,hibernating
RTL4059,233,4,16084.98,2,1,1,4,lost
RTL3339,489,1,10089.19,1,1,1,3,lost
RTL2457,348,2,5994.52,1,1,1,3,lost
RTL4871,200,5,26341.38,2,1,1,4,lost
RTL4869,406,2,7554.87,1,1,1,3,lost
RTL1428,195,2,6535.82,2,1,1,4,lost
RTL3482,251,2,7893.07,2,1,1,4,lost
RTL3622,523,1,1428.76,1,1,1,3,lost
RTL2259,812,1,4785.86,1,1,1,3,lost
RTL4063,163,3,16725.57,2,1,1,4,lost
RTL4542,222,1,282.37,2,1,1,4,lost
RTL1044,69,2,18631.42,3,1,1,5,hibernating
RTL3633,841,1,5939.73,1,1,1,3,lost
RTL2157,205,3,9807.56,2,1,1,4,lost
RTL1178,280,2,8110.77,2,1,1,4,lost
RTL4388,187,1,7176.77,2,1,1,4,lost
RTL2344,244,2,4802.29,2,1,1,4,lost
RTL1637,38,3,12110.03,4,1,1,6,hibernating
RTL2350,70,3,2382.35,3,1,1,5,hibernating
RTL2139,57,5,14509.72,3,1,1,5,hibernating
RTL4758,145,3,257695.82,3,1,4,8,at risk
RTL2983,677,1,1024.2,1,1,1,3,lost
RTL4349,312,2,1365.1,1,1,1,3,lost
RTL1320,429,1,979.95,1,1,1,3,lost
RTL4694,100,2,10932.73,3,1,1,5,hibernating
RTL1318,234,2,5585.54,2,1,1,4,lost
RTL2450,498,1,2856.71,1,1,1,3,lost
RTL1763,348,4,10362.02,1,1,1,3,lost
RTL4582,154,2,1355.57,2,1,1,4,lost
RTL2582,158,2,6699.06,2,1,1,4,lost
RTL1746,288,4,8247.15,2,1,1,4,lost
RTL4128,189,3,17924.87,2,1,1,4,lost
RTL2760,150,2,4574.12,3,1,1,5,hibernating
RTL3064,556,1,3834.22,1,1,1,3,lost
RTL4953,260,2,12072.45,2,1,1,4,lost
RTL4004,558,2,2856298.68,1,1,4,6,hibernating
RTL3243,203,4,7703.22,2,1,1,4,lost
RTL1690,203,2,2346.39,2,1,1,4,lost
RTL1707,699,2,1098.55,1,1,1,3,lost
RTL4066,227,4,19513.2,2,1,1,4,lost
RTL3200,332,3,12328.95,1,1,1,3,lost
RTL4278,229,2,16709.58,2,1,1,4,lost
RTL4822,223,4,4160.61,2,1,1,4,lost
RTL2338,211,1,3344.6,2,1,1,4,lost
RTL1094,496,2,1676.95,1,1,1,3,lost
RTL3508,836,1,737.21,1,1,1,3,lost
RTL2163,316,1,582.04,1,1,1,3,lost
RTL4591,265,1,6039.04,2,1,1,4,lost
RTL3839,500,2,2318.75,1,1,1,3,lost
RTL1983,55,3,25547.29,3,1,1,5,hibernating
RTL4511,30,4,8325.26,4,1,1,6,hibernating
RTL3414,147,4,536871.15,3,1,4,8,at risk
RTL1847,175,3,4506.39,2,1,1,4,lost
RTL2601,505,1,1391.0,1,1,1,3,lost
RTL4480,344,4,16883.57,1,1,1,3,lost
RTL2355,321,4,15885.37,1,1,1,3,lost
RTL3212,115,3,5877.42,3,1,1,5,hibernating
RTL1980,501,1,38.55,1,1,1,3,lost
RTL2348,331,2,46763.14,1,1,1,3,lost
RTL3616,259,2,6743.95,2,1,1,4,lost
RTL2625,380,3,3576.07,1,1,1,3,lost
RTL2050,38,6,49262.71,4,1,1,6,hibernating
RTL2703,52,5,20783.73,3,1,1,5,hibernating
RTL3729,59,5,5555.39,3,1,1,5,hibernating
RTL2069,20,3,2840.32,4,1,1,6,hibernating
RTL3479,337,3,6600.83,1,1,1,3,lost
RTL1449,36,2,11193.44,4,1,1,6,hibernating
RTL1789,330,2,11575.46,1,1,1,3,lost
RTL2067,194,2,197866.31,2,1,3,6,hibernating
RTL1591,237,2,2112.43,2,1,1,4,lost
RTL3105,53,2,3846.56,3,1,1,5,hibernating
RTL3955,207,3,19162.0,2,1,1,4,lost
RTL1595,60,3,16467.96,3,1,1,5,hibernating
RTL1263,9,3,22523.23,4,1,1,6,hibernating
RTL3531,330,4,44423.74,1,1,1,3,lost
RTL2563,119,3,10903.31,3,1,1,5,hibernating
RTL1448,38,2,4536.36,4,1,1,6,hibernating
RTL4051,435,4,22894.12,1,1,1,3,lost
RTL1781,152,2,12794.21,2,1,1,4,lost
RTL2615,33,2,1130.22,4,1,1,6,hibernating
RTL2819,207,4,16324.1,2,1,1,4,lost
RTL2373,377,2,25723.02,1,1,1,3,lost
RTL1192,277,3,4802.23,2,1,1,4,lost
RTL2337,376,1,825.97,1,1,1,3,lost
RTL4518,535,1,1113.97,1,1,1,3,lost
RTL1313,692,1,289.93,1,1,1,3,lost
RTL2197,764,2,1096.72,1,1,1,3,lost
RTL1575,181,5,17304.14,2,1,1,4,lost
RTL2884,95,2,4093.36,3,1,1,5,hibernating
RTL2980,192,2,31618.19,2,1,1,4,lost
RTL1162,211,3,5160.0,2,1,1,4,lost
RTL1467,298,3,10581.11,2,1,1,4,lost
RTL4861,158,5,23794.25,2,1,1,4,lost
RTL3555,6,2,27771.2,4,1,1,6,hibernating
RTL3607,240,3,1778.76,2,1,1,4,lost
RTL3522,217,2,14770.85,2,1,1,4,lost
RTL2910,308,1,3199.04,1,1,1,3,lost
RTL2622,15,3,3491.23,4,1,1,6,hibernating
RTL2512,166,3,1568536.79,2,1,4,7,at risk
RTL2610,46,4,2411.48,4,1,1,6,hibernating
RTL4255,770,1,1413.36,1,1,1,3,lost
RTL2766,734,1,320.1,1,1,1,3,lost
RTL3775,228,4,12996.46,2,1,1,4,lost
RTL2916,41,4,5831.66,4,1,1,6,hibernating
RTL3835,264,2,186525.86,2,1,3,6,hibernating
RTL2284,112,1,873.22,3,1,1,5,hibernating
RTL4961,846,1,2783.64,1,1,1,3,lost
RTL3724,286,3,16290.73,2,1,1,4,lost
RTL3097,100,4,9667.58,3,1,1,5,hibernating
RTL1541,303,2,4832.1,1,1,1,3,lost
RTL4316,628,3,854.92,1,1,1,3,lost
RTL4893,250,4,19978.54,2,1,1,4,lost
RTL3811,258,2,9149.72,2,1,1,4,lost
RTL3781,244,3,18393.09,2,1,1,4,lost
RTL3769,11,1,7461.15,4,1,1,6,hibernating
RTL1517,711,1,10931.85,1,1,1,3,lost
RTL4674,273,2,2986.65,2,1,1,4,lost
RTL4625,230,2,110755.57,2,1,3,6,hibernating
RTL3589,212,4,9511.08,2,1,1,4,lost
RTL3103,440,2,2539.11,1,1,1,3,lost
RTL4539,591,1,11019.52,1,1,1,3,lost
RTL3527,314,2,13383.97,1,1,1,3,lost
RTL1266,336,3,5753.3,1,1,1,3,lost
RTL3984,335,1,39.3,1,1,1,3,lost
RTL2938,154,1,3689.51,2,1,1,4,lost
RTL2531,224,5,11188.76,2,1,1,4,lost
RTL3657,291,4,13731.07,2,1,1,4,lost
RTL2552,184,4,14207.6,2,1,1,4,lost
RTL1463,45,4,13795.17,4,1,1,6,hibernating
RTL4841,431,2,5598.6,1,1,1,3,lost
RTL1604,329,2,9413.96,1,1,1,3,lost
RTL2372,201,5,13431.32,2,1,1,4,lost
RTL3494,135,4,19086.54,3,1,1,5,hibernating
RTL4550,266,4,26280.43,2,1,1,4,lost
RTL2569,217,3,13699.69,2,1,1,4,lost
RTL4357,477,1,1095.87,1,1,1,3,lost
RTL4114,442,1,1763.49,1,1,1,3,lost
RTL3046,285,2,20416.6,2,1,1,4,lost
RTL4160,216,3,7392.57,2,1,1,4,lost
RTL1658,54,6,236612.77,3,1,3,7,at risk
RTL1456,310,1,18539.63,1,1,1,3,lost
RTL3247,322,3,15328.13,1,1,1,3,lost
RTL4153,339,1,2171.75,1,1,1,3,lost
RTL1071,184,3,14578.33,2,1,1,4,lost
RTL2335,361,2,2962.05,1,1,1,3,lost
RTL1316,127,1,6985.92,3,1,1,5,hibernating
RTL3364,39,3,19719.84,4,1,1,6,hibernating
RTL2107,377,2,13053.89,1,1,1,3,lost
RTL3661,252,3,9221.08,2,1,1,4,lost
RTL1556,33,7,20677.37,4,1,1,6,hibernating
RTL1175,119,1,2324.43,3,1,1,5,hibernating
RTL1730,115,4,26367.3,3,1,1,5,hibernating
RTL1571,793,1,1069.32,1,1,1,3,lost
RTL1775,155,1,1644.3,2,1,1,4,lost
RTL1047,706,1,52.28,1,1,1,3,lost
RTL2322,399,2,365.32,1,1,1,3,lost
RTL2027,292,2,5945.78,2,1,1,4,lost
RTL1387,785,1,1362.97,1,1,1,3,lost
RTL4973,215,2,3756.0,2,1,1,4,lost
RTL3829,274,5,17031.39,2,1,1,4,lost
RTL3639,327,1,11641.86,1,1,1,3,lost
RTL4691,305,1,6163.81,1,1,1,3,lost
RTL4947,680,1,5081.3,1,1,1,3,lost
RTL4333,574,1,3070.71,1,1,1,3,lost
RTL4308,160,4,29855.8,2,1,1,4,lost
RTL1838,168,1,4059.97,2,1,1,4,lost
RTL2923,21,4,22506.77,4,1,1,6,hibernating
RTL1566,25,6,29132.5,4,1,1,6,hibernating
RTL1118,312,4,5074.92,1,1,1,3,lost
RTL2871,161,2,5455.09,2,1,1,4,lost
RTL3705,456,1,31.66,1,1,1,3,lost
RTL2659,263,2,9732.74,2,1,1,4,lost
RTL4693,807,1,1994.12,1,1,1,3,lost
RTL2909,699,4,14376.89,1,1,1,3,lost
RTL2017,169,4,12409.38,2,1,1,4,lost
RTL2810,131,4,38904.61,3,1,1,5,hibernating
RTL2007,32,1,638.4,4,1,1,6,hibernating
RTL3207,290,3,16512.84,2,1,1,4,lost
RTL4840,201,2,8540.19,2,1,1,4,lost
RTL4246,278,3,29035.84,2,1,1,4,lost
RTL2608,45,4,12969.8,4,1,1,6,hibernating
RTL2329,212,3,1513230.11,2,1,4,7,at risk
RTL2140,82,5,20533.47,3,1,1,5,hibernating
RTL1275,36,4,2307190.52,4,1,4,9,loyal
RTL3948,253,4,4148.02,2,1,1,4,lost
RTL2741,125,6,13557.72,3,1,1,5,hibernating
RTL2368,252,5,49862.12,2,1,1,4,lost
RTL1926,227,3,12055.42,2,1,1,4,lost
RTL3628,370,4,22635.57,1,1,1,3,lost
RTL4907,125,4,28311.93,3,1,1,5,hibernating
RTL4687,161,5,1006531.69,2,1,4,7,at risk
RTL3140,121,6,14173.62,3,1,1,5,hibernating
RTL3823,209,3,2267671.61,2,1,4,7,at risk
RTL3042,264,2,1083.87,2,1,1,4,lost
RTL4665,182,5,15705.89,2,1,1,4,lost
RTL3158,505,1,8129.68,1,1,1,3,lost
RTL4280,333,1,479.71,1,1,1,3,lost
RTL3034,243,1,10367.52,2,1,1,4,lost
RTL4191,32,6,10770.93,4,1,1,6,hibernating
RTL2443,35,3,19785.98,4,1,1,6,hibernating
RTL2060,282,2,13904.49,2,1,1,4,lost
RTL2383,55,2,1466.33,3,1,1,5,hibernating
RTL2872,289,1,151.09,2,1,1,4,lost
RTL4621,109,4,19878.71,3,1,1,5,hibernating
RTL2399,197,3,20399.69,2,1,1,4,lost
RTL2621,489,3,2554.94,1,1,1,3,lost
RTL1959,280,2,3284.4,2,1,1,4,lost
RTL2320,161,2,4024.07,2,1,1,4,lost
RTL2315,414,2,14797.05,1,1,1,3,lost
RTL2491,7,4,4022.53,4,1,1,6,hibernating
RTL2770,104,4,14788.18,3,1,1,5,hibernating
RTL2324,46,2,8195.34,4,1,1,6,hibernating
RTL2009,301,3,56271.81,1,1,2,4,lost
RTL1187,213,6,28038.61,2,1,1,4,lost
RTL3427,130,6,12854.94,3,1,1,5,hibernating
RTL1899,358,1,234.61,1,1,1,3,lost
RTL2886,838,1,2250.45,1,1,1,3,lost
RTL4661,312,4,40230.49,1,1,1,3,lost
RTL1615,262,3,5490.28,2,1,1,4,lost
RTL3014,536,3,9354.61,1,1,1,3,lost
RTL3540,8,2,32161.17,4,1,1,6,hibernating
RTL3037,115,3,25543.77,3,1,1,5,hibernating
RTL3325,2,2,3176.35,4,1,1,6,hibernating
RTL3959,248,2,536.82,2,1,1,4,lost
RTL1282,343,1,634709.23,1,1,4,6,hibernating
RTL3095,200,2,120734.46,2,1,3,6,hibernating
RTL3788,363,2,8837.59,1,1,1,3,lost
RTL4762,194,3,3342.4,2,1,1,4,lost
RTL4173,153,5,19497.97,2,1,1,4,lost
RTL4146,24,2,7338.12,4,1,1,6,hibernating
RTL4764,406,2,15379.07,1,1,1,3,lost
RTL2681,93,3,13307.81,3,1,1,5,hibernating
RTL3891,199,3,4026.65,2,1,1,4,lost
RTL1667,313,2,1531.61,1,1,1,3,lost
RTL3883,133,2,1292.3,3,1,1,5,hibernating
RTL1917,127,1,12856.49,3,1,1,5,hibernating
RTL4972,342,1,4794.3,1,1,1,3,lost
RTL2384,715,2,12183.43,1,1,1,3,lost
RTL1883,299,1,3313.4,2,1,1,4,lost
RTL4116,577,1,224.97,1,1,1,3,lost
RTL3521,228,1,3888.84,2,1,1,4,lost
RTL1629,456,2,20006.26,1,1,1,3,lost
RTL2777,24,3,19447.78,4,1,1,6,hibernating
RTL2548,76,3,24612.64,3,1,1,5,hibernating
RTL4709,355,4,38980.26,1,1,1,3,lost
RTL1154,43,2,22962.4,4,1,1,6,hibernating
RTL2063,363,4,28896.65,1,1,1,3,lost
RTL2626,222,4,7761.05,2,1,1,4,lost
RTL3954,249,1,1960.11,2,1,1,4,lost
RTL1425,81,4,3117.29,3,1,1,5,hibernating
RTL4270,55,1,218.26,3,1,1,5,hibernating
RTL1394,13,1,2145.12,4,1,1,6,hibernating
RTL1358,173,4,9633.96,2,1,1,4,lost
RTL4576,392,2,1334.93,1,1,1,3,lost
RTL2473,215,2,5426.98,2,1,1,4,lost
RTL3530,283,1,1038.19,2,1,1,4,lost
RTL4892,298,1,114.8,2,1,1,4,lost
RTL3438,79,2,8669.37,3,1,1,5,hibernating
RTL1594,135,3,11041.66,3,1,1,5,hibernating
RTL3028,37,1,1299.94,4,1,1,6,hibernating
RTL2836,275,3,14920.79,2,1,1,4,lost
RTL2674,535,1,437.22,1,1,1,3,lost
RTL3614,338,2,122.03,1,1,1,3,lost
RTL4839,102,5,30266.02,3,1,1,5,hibernating
RTL2962,7,1,3942.49,4,1,1,6,hibernating
RTL3149,727,1,2208.6,1,1,1,3,lost
RTL1668,224,1,2890.53,2,1,1,4,lost
RTL1061,153,3,7770.73,2,1,1,4,lost
RTL3851,208,3,4384.77,2,1,1,4,lost
RTL1280,149,5,151807.59,3,1,3,7,at risk
RTL3299,347,1,8605.68,1,1,1,3,lost
RTL1755,601,1,1649.42,1,1,1,3,lost
RTL3582,321,1,57.55,1,1,1,3,lost
RTL2554,224,2,7609.97,2,1,1,4,lost
RTL3855,357,2,7272.5,1,1,1,3,lost
RTL3195,291,2,545.79,2,1,1,4,lost
RTL1923,3,4,38250.16,4,1,1,6,hibernating
RTL4865,420,3,3545.64,1,1,1,3,lost
RTL2920,312,1,2792.66,1,1,1,3,lost
RTL4619,63,2,3555.62,3,1,1,5,hibernating
RTL4971,260,2,1908.08,2,1,1,4,lost
RTL4395,482,1,955.11,1,1,1,3,lost
RTL3015,293,2,9843.96,2,1,1,4,lost
RTL4707,72,4,1016029.72,3,1,4,8,at risk
RTL2937,303,3,552486.75,1,1,4,6,hibernating
RTL1738,257,2,6348.53,2,1,1,4,lost
RTL3562,136,1,11660.14,3,1,1,5,hibernating
RTL2730,400,4,14800.94,1,1,1,3,lost
RTL3564,215,2,2436.95,2,1,1,4,lost
RTL4455,165,2,7548.12,2,1,1,4,lost
RTL2640,59,5,12594.13,3,1,1,5,hibernating
RTL4292,267,3,12242.86,2,1,1,4,lost
RTL4456,346,2,2241.51,1,1,1,3,lost
RTL1106,591,3,10031.41,1,1,1,3,lost
RTL4977,494,4,8529.84,1,1,1,3,lost
RTL2878,599,1,6592.54,1,1,1,3,lost
RTL3904,231,3,13099.19,2,1,1,4,lost
RTL2097,102,1,1257.15,3,1,1,5,hibernating
RTL1896,260,3,13084.16,2,1,1,4,lost
RTL1498,258,1,6981.83,2,1,1,4,lost
RTL3010,23,4,2144.93,4,1,1,6,hibernating
RTL2149,199,2,13747.08,2,1,1,4,lost
RTL2504,217,1,2719.12,2,1,1,4,lost
RTL2639,202,3,17564.01,2,1,1,4,lost
RTL4799,337,2,5179.44,1,1,1,3,lost
RTL4790,299,2,22138.5,2,1,1,4,lost
RTL3706,343,3,1538.53,1,1,1,3,lost
RTL2490,149,2,10313.6,3,1,1,5,hibernating
RTL1827,201,3,1687284.99,2,1,4,7,at risk
RTL1354,197,4,20959.18,2,1,1,4,lost
RTL3405,261,1,264.01,2,1,1,4,lost
RTL2787,244,2,13154.98,2,1,1,4,lost
RTL1757,26,4,10328.3,4,1,1,6,hibernating
RTL1584,334,2,5273.02,1,1,1,3,lost
RTL2011,220,3,12291.21,2,1,1,4,lost
RTL1878,19,3,2360.68,4,1,1,6,hibernating
RTL3940,25,5,17604.53,4,1,1,6,hibernating
RTL4954,846,1,3278.72,1,1,1,3,lost
RTL1095,351,2,8800.72,1,1,1,3,lost
RTL3383,518,1,6736.16,1,1,1,3,lost
RTL2065,287,4,68228.17,2,1,2,5,hibernating
RTL1079,97,5,12696.89,3,1,1,5,hibernating
RTL1882,307,5,1383232.45,1,1,4,6,hibernating
RTL4285,343,3,18685.63,1,1,1,3,lost
RTL2661,41,2,2246.77,4,1,1,6,hibernating
RTL3206,519,1,683.92,1,1,1,3,lost
RTL2385,283,2,11883.65,2,1,1,4,lost
RTL1991,48,4,26174.79,4,1,1,6,hibernating
RTL2345,254,2,7483.99,2,1,1,4,lost
RTL3964,54,3,13637.32,3,1,1,5,hibernating
RTL2365,91,2,11133.72,3,1,1,5,hibernating
RTL3166,364,2,3782.24,1,1,1,3,lost
RTL1445,223,2,19793.96,2,1,1,4,lost
RTL4192,152,5,14130.92,2,1,1,4,lost
RTL2705,712,2,25867.65,1,1,1,3,lost
RTL1486,296,1,520.65,2,1,1,4,lost
RTL3378,612,2,14908.33,1,1,1,3,lost
RTL1674,304,2,6529.17,1,1,1,3,lost
RTL2751,3,2,7580.98,4,1,1,6,hibernating
RTL3554,48,5,30578.95,4,1,1,6,hibernating
RTL2620,511,2,36237.47,1,1,1,3,lost
RTL4817,209,1,4122.07,2,1,1,4,lost
RTL3215,194,4,20574.58,2,1,1,4,lost
RTL3688,491,3,14256.73,1,1,1,3,lost
RTL4602,334,1,2101.45,1,1,1,3,lost
RTL1979,225,3,6477.85,2,1,1,4,lost
RTL1064,353,2,11936.35,1,1,1,3,lost
RTL4733,8,5,128054.67,4,1,3,8,at risk
RTL2087,340,2,2748.74,1,1,1,3,lost
RTL1880,544,1,11370.96,1,1,1,3,lost
RTL2339,242,2,7133.49,2,1,1,4,lost
RTL1323,358,2,776.15,1,1,1,3,lost
RTL4005,282,1,8942.72,2,1,1,4,lost
RTL3507,99,3,3022.29,3,1,1,5,hibernating
RTL1837,139,1,17199.64,3,1,1,5,hibernating
RTL2684,72,4,18866.44,3,1,1,5,hibernating
RTL4147,149,3,12255.16,3,1,1,5,hibernating
RTL2054,332,2,1861534.61,1,1,4,6,hibernating
RTL4119,41,2,16355.12,4,1,1,6,hibernating
RTL1930,123,2,3987.76,3,1,1,5,hibernating
RTL4929,198,1,1998.62,2,1,1,4,lost
RTL3593,237,2,22142.08,2,1,1,4,lost
RTL3651,291,2,6134.24,2,1,1,4,lost
RTL3640,45,2,15583.63,4,1,1,6,hibernating
RTL4076,216,3,12379.95,2,1,1,4,lost
RTL3498,4,3,1413626.37,4,1,4,9,loyal
RTL1909,99,3,1504114.61,3,1,4,8,at risk
RTL1091,778,1,14162.45,1,1,1,3,lost
RTL4885,361,3,8569.78,1,1,1,3,lost
RTL2045,23,4,24686.62,4,1,1,6,hibernating
RTL1407,693,1,8844.66,1,1,1,3,lost
RTL2411,17,6,67268.98,4,1,2,7,at risk
RTL3983,253,3,2210.42,2,1,1,4,lost
RTL3956,235,4,12180.0,2,1,1,4,lost
RTL4439,461,1,3440.01,1,1,1,3,lost
RTL4317,274,1,3110.45,2,1,1,4,lost
RTL1686,803,1,1406.89,1,1,1,3,lost
RTL1562,162,4,30927.77,2,1,1,4,lost
RTL3386,210,3,410160.94,2,1,4,7,at risk
RTL1830,71,2,957.28,3,1,1,5,hibernating
RTL1978,2,3,1307389.88,4,1,4,9,loyal
RTL4564,338,2,2707.88,1,1,1,3,lost
RTL1977,767,1,4066.57,1,1,1,3,lost
RTL1082,638,1,529031.85,1,1,4,6,hibernating
RTL2514,168,4,30915.98,2,1,1,4,lost
RTL1857,81,4,15616.59,3,1,1,5,hibernating
RTL1590,196,6,15459.14,2,1,1,4,lost
RTL3209,135,2,7713.07,3,1,1,5,hibernating
RTL3473,47,2,6539.4,4,1,1,6,hibernating
RTL1293,715,1,4390.88,1,1,1,3,lost
RTL2524,331,5,36356.12,1,1,1,3,lost
RTL3936,657,1,17215.2,1,1,1,3,lost
RTL2415,655,1,2634.64,1,1,1,3,lost
RTL1969,52,5,2111490.92,3,1,4,8,at risk
RTL4111,94,4,27670.33,3,1,1,5,hibernating
RTL3818,192,2,11492.76,2,1,1,4,lost
RTL2235,310,2,10656.51,1,1,1,3,lost
RTL2316,182,2,5730.18,2,1,1,4,lost
RTL4104,319,3,28118.51,1,1,1,3,lost
RTL3505,111,2,2287.6,3,1,1,5,hibernating
RTL2557,127,6,20729.3,3,1,1,5,hibernating
RTL1902,187,1,10512.25,2,1,1,4,lost
RTL2799,247,1,616.95,2,1,1,4,lost
RTL1856,88,3,14621.77,3,1,1,5,hibernating
RTL3138,148,3,27046.17,3,1,1,5,hibernating
RTL4695,168,2,805.1,2,1,1,4,lost
RTL2549,267,1,798.0,2,1,1,4,lost
RTL1759,14,2,6518.53,4,1,1,6,hibernating
RTL4943,804,1,5453.06,1,1,1,3,lost
RTL3281,646,1,7399.04,1,1,1,3,lost
RTL2434,58,3,11797.3,3,1,1,5,hibernating
RTL1908,284,2,11352.68,2,1,1,4,lost
RTL2874,280,3,7356.69,2,1,1,4,lost
RTL2976,28,2,623.37,4,1,1,6,hibernating
RTL1211,805,1,9292.6,1,1,1,3,lost
RTL1903,583,1,547.75,1,1,1,3,lost
RTL2522,272,2,18106.59,2,1,1,4,lost
RTL2587,211,5,1049089.46,2,1,4,7,at risk
RTL1895,323,2,3085.81,1,1,1,3,lost
RTL1922,468,1,10311.61,1,1,1,3,lost
RTL3923,204,1,6397.95,2,1,1,4,lost
RTL2876,39,5,9259.62,4,1,1,6,hibernating
RTL3403,206,1,453.7,2,1,1,4,lost
RTL1152,252,1,3172.53,2,1,1,4,lost
RTL3116,616,2,366.45,1,1,1,3,lost
RTL2612,444,2,839.49,1,1,1,3,lost
RTL2677,760,1,864.21,1,1,1,3,lost
RTL3765,12,1,1711.06,4,1,1,6,hibernating
RTL4419,289,1,7812.97,2,1,1,4,lost
RTL4366,390,2,2415.05,1,1,1,3,lost
RTL2645,549,2,83448.56,1,1,2,4,lost
RTL3634,423,4,10002.74,1,1,1,3,lost
RTL2472,77,3,11127.13,3,1,1,5,hibernating
RTL4444,73,2,2439.08,3,1,1,5,hibernating
RTL3652,241,5,17057.21,2,1,1,4,lost
RTL3068,341,2,11094.49,1,1,1,3,lost
RTL3006,210,2,6155.97,2,1,1,4,lost
RTL3702,85,2,17634.77,3,1,1,5,hibernating
RTL3857,217,2,8178.75,2,1,1,4,lost
RTL4722,169,2,13977.65,2,1,1,4,lost
RTL1846,221,2,2668.01,2,1,1,4,lost
RTL3346,322,3,3791.84,1,1,1,3,lost
RTL4957,826,1,2710.32,1,1,1,3,lost
RTL1940,46,2,2424.82,4,1,1,6,hibernating
RTL3605,211,2,2942.97,2,1,1,4,lost
RTL1583,342,3,20689.29,1,1,1,3,lost
RTL2346,295,3,762.11,2,1,1,4,lost
RTL1776,110,4,7194.21,3,1,1,5,hibernating
RTL3316,153,1,1209.39,2,1,1,4,lost
RTL4623,221,2,12389.02,2,1,1,4,lost
RTL3806,321,4,21362.17,1,1,1,3,lost
RTL1710,487,2,2833.04,1,1,1,3,lost
RTL3834,89,4,5840.95,3,1,1,5,hibernating
RTL3571,267,2,17221.62,2,1,1,4,lost
RTL1558,308,1,165.41,1,1,1,3,lost
RTL3500,16,3,6673.81,4,1,1,6,hibernating
RTL4080,272,3,7657.82,2,1,1,4,lost
RTL1258,354,3,10530.72,1,1,1,3,lost
RTL2228,295,3,9928.25,2,1,1,4,lost
RTL1997,544,1,2975.94,1,1,1,3,lost
RTL3420,273,3,4773.25,2,1,1,4,lost
RTL3862,130,3,16686.33,3,1,1,5,hibernating
RTL4142,1,3,5919.06,4,1,1,6,hibernating
RTL1894,277,5,29858.0,2,1,1,4,lost
RTL1296,221,3,1913.71,2,1,1,4,lost
RTL3353,228,3,19335.45,2,1,1,4,lost
RTL3886,111,4,14461.63,3,1,1,5,hibernating
RTL1719,19,2,12013.37,4,1,1,6,hibernating
RTL1215,86,2,12025.15,3,1,1,5,hibernating
RTL3314,83,3,19752.53,3,1,1,5,hibernating
RTL3741,811,1,1733.4,1,1,1,3,lost
RTL1564,2,3,18009.96,4,1,1,6,hibernating
RTL1689,238,2,18786.11,2,1,1,4,lost
RTL1021,327,2,456.87,1,1,1,3,lost
RTL2675,295,2,19916.52,2,1,1,4,lost
RTL2526,313,1,1458.03,1,1,1,3,lost
RTL4719,258,5,21264.16,2,1,1,4,lost
RTL2401,253,2,2475.55,2,1,1,4,lost
RTL3944,167,4,19536.08,2,1,1,4,lost
RTL4139,241,4,28454.34,2,1,1,4,lost
RTL1579,1,5,23008.01,4,1,1,6,hibernating
RTL2390,126,2,15250.81,3,1,1,5,hibernating
RTL3091,114,2,932.65,3,1,1,5,hibernating
RTL3086,180,1,451.03,2,1,1,4,lost
RTL1853,541,2,1784.74,1,1,1,3,lost
RTL4930,78,2,1713.15,3,1,1,5,hibernating
RTL4917,49,3,2790.32,4,1,1,6,hibernating
RTL3093,370,2,4017.73,1,1,1,3,lost
RTL3293,333,3,13088.85,1,1,1,3,lost
RTL1720,194,5,25799.15,2,1,1,4,lost
RTL4109,210,1,3056.76,2,1,1,4,lost
RTL3735,554,1,5187.16,1,1,1,3,lost
RTL3113,274,2,7586.61,2,1,1,4,lost
RTL1787,75,4,18094.1,3,1,1,5,hibernating
RTL1314,91,3,10722.18,3,1,1,5,hibernating
RTL2188,268,1,5889.61,2,1,1,4,lost
RTL2830,17,4,9260.6,4,1,1,6,hibernating
RTL1761,101,3,20073.87,3,1,1,5,hibernating
RTL4741,170,2,7651.11,2,1,1,4,lost
RTL2644,278,4,18716.47,2,1,1,4,lost
RTL2144,795,2,5428.67,1,1,1,3,lost
RTL2343,274,3,11969.36,2,1,1,4,lost
RTL2673,695,1,1472.5,1,1,1,3,lost
RTL3513,230,5,34180.9,2,1,1,4,lost
RTL1879,248,3,6861.87,2,1,1,4,lost
RTL2749,348,4,17576.27,1,1,1,3,lost
RTL1873,281,1,4734.0,2,1,1,4,lost
RTL1417,158,2,3849.9,2,1,1,4,lost
RTL4204,34,5,10030.87,4,1,1,6,hibernating
RTL2784,325,1,2199.8,1,1,1,3,lost
RTL2376,382,1,4293.12,1,1,1,3,lost
RTL1951,163,3,8193.0,2,1,1,4,lost
RTL2613,2,3,19945.57,4,1,1,6,hibernating
RTL1134,156,1,133.38,2,1,1,4,lost
RTL1386,128,2,7401.17,3,1,1,5,hibernating
RTL1212,44,3,680554.36,4,1,4,9,loyal
RTL3141,442,3,11055.2,1,1,1,3,lost
RTL4763,199,1,4303.88,2,1,1,4,lost
RTL3464,425,2,3205.65,1,1,1,3,lost
RTL4995,31,2,5354.62,4,1,1,6,hibernating
RTL1359,173,1,3004.92,2,1,1,4,lost
RTL3592,372,1,1083.75,1,1,1,3,lost
RTL1265,2,5,317516.64,4,1,4,9,loyal
RTL4997,75,2,5000.42,3,1,1,5,hibernating
RTL4724,36,3,715.27,4,1,1,6,hibernating
RTL3637,484,1,7376.16,1,1,1,3,lost
RTL2506,548,2,9921.3,1,1,1,3,lost
RTL2013,238,3,9169.82,2,1,1,4,lost
RTL4033,232,3,6893.95,2,1,1,4,lost
RTL4362,41,3,6662.11,4,1,1,6,hibernating
RTL4770,201,3,8268.12,2,1,1,4,lost
RTL3774,202,2,327.48,2,1,1,4,lost
RTL3485,209,2,15798.3,2,1,1,4,lost
RTL3123,133,3,3300.99,3,1,1,5,hibernating
RTL4043,118,1,13958.25,3,1,1,5,hibernating
RTL4655,237,4,12167.7,2,1,1,4,lost
RTL4234,686,1,3041.64,1,1,1,3,lost
RTL2743,40,2,17612.17,4,1,1,6,hibernating
RTL1244,263,1,3928.77,2,1,1,4,lost
RTL3972,136,2,236.32,3,1,1,5,hibernating
RTL4714,714,2,3634.9,1,1,1,3,lost
RTL4254,17,3,3941.19,4,1,1,6,hibernating
RTL3504,308,3,5649.34,1,1,1,3,lost
RTL4559,151,4,19204.17,2,1,1,4,lost
RTL2408,221,2,5280.33,2,1,1,4,lost
RTL1379,286,3,7512.3,2,1,1,4,lost
RTL1283,154,3,21334.09,2,1,1,4,lost
RTL1670,296,2,2976.36,2,1,1,4,lost
RTL2310,6,5,14147.55,4,1,1,6,hibernating
RTL2729,517,4,12491.61,1,1,1,3,lost
RTL1663,297,2,12402.7,2,1,1,4,lost
RTL1714,121,5,20669.02,3,1,1,5,hibernating
RTL1892,67,2,9076.95,3,1,1,5,hibernating
RTL1440,103,3,18307.89,3,1,1,5,hibernating
RTL1052,125,3,31380.56,3,1,1,5,hibernating
RTL4850,117,4,9951.97,3,1,1,5,hibernating
RTL3865,764,1,6440.52,1,1,1,3,lost
RTL3343,285,2,3513.32,2,1,1,4,lost
RTL2772,274,3,12443.7,2,1,1,4,lost
RTL4406,671,2,10815.26,1,1,1,3,lost
RTL2572,352,3,14326.74,1,1,1,3,lost
RTL4769,834,1,4592.35,1,1,1,3,lost
RTL1796,249,1,3078.72,2,1,1,4,lost
RTL1651,82,3,25181.41,3,1,1,5,hibernating
RTL1362,294,3,11959.79,2,1,1,4,lost
RTL2025,439,2,12603.79,1,1,1,3,lost
RTL3169,501,1,3171.86,1,1,1,3,lost
RTL3535,209,3,11085.46,2,1,1,4,lost
RTL4202,293,2,2251.21,2,1,1,4,lost
RTL4766,111,2,6628.09,3,1,1,5,hibernating
RTL3067,349,3,14601.1,1,1,1,3,lost
RTL3685,5,5,21522.11,4,1,1,6,hibernating
RTL4460,444,1,7848.37,1,1,1,3,lost
RTL4277,16,6,28508.26,4,1,1,6,hibernating
RTL2822,352,1,2525.74,1,1,1,3,lost
RTL4447,126,2,16155.51,3,1,1,5,hibernating
RTL2802,73,4,9852.41,3,1,1,5,hibernating
RTL2481,320,3,6921.76,1,1,1,3,lost
RTL1936,133,5,1463557.61,3,1,4,8,at risk
RTL2161,311,2,7929.77,1,1,1,3,lost
RTL2602,243,4,11631.73,2,1,1,4,lost
RTL2618,26,2,9451.81,4,1,1,6,hibernating
RTL1697,61,3,1176116.43,3,1,4,8,at risk
RTL3007,210,3,69519.07,2,1,2,5,hibernating
RTL4541,564,2,11203.64,1,1,1,3,lost
RTL2662,139,2,20550.92,3,1,1,5,hibernating
RTL2237,82,3,22777.28,3,1,1,5,hibernating
RTL3878,166,3,11931.0,2,1,1,4,lost
RTL2776,259,2,801.29,2,1,1,4,lost
RTL2692,349,2,1266379.04,1,1,4,6,hibernating
RTL4828,506,3,27029.39,1,1,1,3,lost
RTL2929,547,3,3263080.2,1,1,4,6,hibernating
RTL4373,480,1,3082.49,1,1,1,3,lost
RTL1639,350,6,11485.65,1,1,1,3,lost
RTL2635,114,4,24549.89,3,1,1,5,hibernating
RTL4069,62,5,27597.36,3,1,1,5,hibernating
RTL2657,378,1,845.33,1,1,1,3,lost
RTL2321,133,3,8702.77,3,1,1,5,hibernating
RTL3368,188,1,916.89,2,1,1,4,lost
RTL3873,186,2,1198.72,2,1,1,4,lost
RTL1938,145,4,10474.3,3,1,1,5,hibernating
RTL1692,831,1,12934.84,1,1,1,3,lost
RTL3901,388,1,2509.53,1,1,1,3,lost
RTL4486,124,5,6294.34,3,1,1,5,hibernating
RTL2134,331,1,8893.92,1,1,1,3,lost
RTL2191,230,1,364.96,2,1,1,4,lost
RTL3074,502,2,5528.42,1,1,1,3,lost
RTL1077,136,2,14154.8,3,1,1,5,hibernating
RTL4699,845,1,9393.28,1,1,1,3,lost
RTL3922,81,3,21020.5,3,1,1,5,hibernating
RTL3245,684,1,4396.64,1,1,1,3,lost
RTL2680,820,1,622.55,1,1,1,3,lost
RTL4931,399,1,1441.62,1,1,1,3,lost
RTL1057,215,4,9493.59,2,1,1,4,lost
RTL2169,20,3,17810.35,4,1,1,6,hibernating
RTL2091,85,5,25059.78,3,1,1,5,hibernating
RTL1773,19,2,7267.25,4,1,1,6,hibernating
RTL2576,89,2,9268.21,3,1,1,5,hibernating
RTL4852,491,2,6030.99,1,1,1,3,lost
RTL3898,170,1,191.73,2,1,1,4,lost
RTL3188,44,3,9197.53,4,1,1,6,hibernating
RTL3804,804,1,1405.56,1,1,1,3,lost
RTL2885,280,2,2570.58,2,1,1,4,lost
RTL3341,214,3,451046.34,2,1,4,7,at risk
RTL1941,38,4,6224.84,4,1,1,6,hibernating
RTL4170,12,3,6859.2,4,1,1,6,hibernating
RTL4527,63,3,10445.67,3,1,1,5,hibernating
RTL2794,46,3,10013.16,4,1,1,6,hibernating
RTL1022,107,4,29338.99,3,1,1,5,hibernating
RTL4919,94,3,17187.29,3,1,1,5,hibernating
RTL3463,668,1,1183.68,1,1,1,3,lost
RTL4208,225,4,14694.95,2,1,1,4,lost
RTL2536,204,4,3853.51,2,1,1,4,lost
RTL1059,30,1,314.73,4,1,1,6,hibernating
RTL2126,267,2,1101838.67,2,1,4,7,at risk
RTL4698,34,2,21662.16,4,1,1,6,hibernating
RTL2525,183,4,15088.89,2,1,1,4,lost
RTL3410,237,2,4268.07,2,1,1,4,lost
RTL3110,434,1,10699.47,1,1,1,3,lost
RTL1804,485,1,204.53,1,1,1,3,lost
RTL1054,94,5,26905.92,3,1,1,5,hibernating
RTL4624,54,2,16985.09,3,1,1,5,hibernating
RTL2958,248,5,18745.44,2,1,1,4,lost
RTL3970,302,2,1109776.62,1,1,4,6,hibernating
RTL4134,71,1,13585.6,3,1,1,5,hibernating
RTL4465,287,4,23616.97,2,1,1,4,lost
RTL4567,238,3,10220.36,2,1,1,4,lost
RTL4671,654,2,9134.18,1,1,1,3,lost
RTL3518,124,3,25143.47,3,1,1,5,hibernating
RTL1424,231,4,6503.78,2,1,1,4,lost
RTL3932,186,4,33334.3,2,1,1,4,lost
RTL4187,162,4,19166.87,2,1,1,4,lost
RTL4581,343,1,3069.14,1,1,1,3,lost
RTL4238,167,2,2776.96,2,1,1,4,lost
RTL3792,93,1,1320.12,3,1,1,5,hibernating
RTL1973,133,2,24724.26,3,1,1,5,hibernating
RTL4818,264,2,7749.1,2,1,1,4,lost
RTL2135,260,2,683.98,2,1,1,4,lost
RTL2129,289,3,6719.81,2,1,1,4,lost
RTL2925,307,2,14698.73,1,1,1,3,lost
RTL1641,265,2,12343.95,2,1,1,4,lost
RTL4757,288,4,6849.94,2,1,1,4,lost
RTL1234,112,2,7888.64,3,1,1,5,hibernating
RTL2739,203,4,16082.94,2,1,1,4,lost
RTL1642,243,1,7731.18,2,1,1,4,lost
RTL4767,112,3,7263.66,3,1,1,5,hibernating
RTL4572,289,3,11727.43,2,1,1,4,lost
RTL3584,37,6,35599.6,4,1,1,6,hibernating
RTL1447,5,4,7088.96,4,1,1,6,hibernating
RTL2798,364,1,3033.6,1,1,1,3,lost
RTL2508,99,4,14260.51,3,1,1,5,hibernating
RTL2042,310,3,10491.9,1,1,1,3,lost
RTL2779,740,1,857.89,1,1,1,3,lost
RTL1546,228,7,931963.89,2,1,4,7,at risk
RTL1033,64,2,4038.73,3,1,1,5,hibernating
RTL3191,202,3,14093.49,2,1,1,4,lost
RTL4342,66,2,9729.02,3,1,1,5,hibernating
RTL4156,317,3,5223.15,1,1,1,3,lost
RTL1155,288,3,4486.81,2,1,1,4,lost
RTL2556,408,1,3945.62,1,1,1,3,lost
RTL1197,205,2,3085.21,2,1,1,4,lost
RTL4244,556,2,1525644.93,1,1,4,6,hibernating
RTL4295,648,3,32514.02,1,1,1,3,lost
RTL1982,213,2,7899.58,2,1,1,4,lost
RTL4810,110,1,3987.62,3,1,1,5,hibernating
RTL1620,429,1,337.86,1,1,1,3,lost
RTL2256,59,3,2600.22,3,1,1,5,hibernating
RTL1414,282,2,29241.55,2,1,1,4,lost
RTL2501,671,2,11449.13,1,1,1,3,lost
RTL3541,411,2,8899.92,1,1,1,3,lost
RTL2746,293,3,10715.88,2,1,1,4,lost
RTL3538,196,5,148511.6,2,1,3,6,hibernating
RTL3753,139,5,549081.78,3,1,4,8,at risk
RTL3645,35,2,17283.75,4,1,1,6,hibernating
RTL3935,115,6,21125.7,3,1,1,5,hibernating
RTL2541,244,1,583.92,2,1,1,4,lost
RTL1728,344,2,11578.91,1,1,1,3,lost
RTL3205,33,6,2919.79,4,1,1,6,hibernating
RTL2033,37,6,692234.83,4,1,4,9,loyal
RTL1699,43,2,191890.86,4,1,3,8,at risk
RTL4736,166,3,14895.69,2,1,1,4,lost
RTL2471,243,4,18242.32,2,1,1,4,lost
RTL1179,322,2,21118.42,1,1,1,3,lost
RTL3656,412,1,6112.43,1,1,1,3,lost
RTL1573,661,1,475.61,1,1,1,3,lost
RTL3063,632,3,10006.13,1,1,1,3,lost
RTL4309,265,2,11524.62,2,1,1,4,lost
RTL3072,103,3,8290.06,3,1,1,5,hibernating
RTL1381,95,4,37725.69,3,1,1,5,hibernating
RTL1731,263,2,11175.85,2,1,1,4,lost
RTL1636,198,5,10203.14,2,1,1,4,lost
RTL2609,107,6,1928.78,3,1,1,5,hibernating
RTL1786,2,2,8700.59,4,1,1,6,hibernating
RTL3289,769,1,890.04,1,1,1,3,lost
RTL3426,53,4,37574.8,3,1,1,5,hibernating
RTL2733,447,1,6798.12,1,1,1,3,lost
RTL1365,130,4,20437.28,3,1,1,5,hibernating
RTL4772,529,2,16014.72,1,1,1,3,lost
RTL2435,63,3,5102.46,3,1,1,5,hibernating
RTL2361,265,1,523.12,2,1,1,4,lost
RTL4633,436,1,2024.3,1,1,1,3,lost
RTL1487,128,3,6236.37,3,1,1,5,hibernating
RTL1176,323,3,2287.13,1,1,1,3,lost
RTL3202,275,1,5544.34,2,1,1,4,lost
RTL4979,605,2,1508.44,1,1,1,3,lost
RTL2737,171,2,9369.32,2,1,1,4,lost
RTL3533,224,5,15117.06,2,1,1,4,lost
RTL1435,101,2,5173.14,3,1,1,5,hibernating
RTL2151,43,2,9820.08,4,1,1,6,hibernating
RTL1695,370,2,1706.63,1,1,1,3,lost
RTL3492,330,2,2342.18,1,1,1,3,lost
RTL3038,47,4,291356.74,4,1,4,9,loyal
RTL4401,147,4,7014.61,3,1,1,5,hibernating
RTL1843,682,2,12882.76,1,1,1,3,lost
RTL2181,52,5,15334.48,3,1,1,5,hibernating
RTL1721,669,2,13757.7,1,1,1,3,lost
RTL1907,309,2,4198.43,1,1,1,3,lost
RTL4409,200,3,16002.19,2,1,1,4,lost
RTL1496,303,1,5806.97,1,1,1,3,lost
RTL1657,116,2,5036.51,3,1,1,5,hibernating
RTL1355,277,1,42.11,2,1,1,4,lost
RTL2736,609,1,582.99,1,1,1,3,lost
RTL1875,316,2,1113.2,1,1,1,3,lost
RTL3294,814,1,939.54,1,1,1,3,lost
RTL3716,618,1,1668.66,1,1,1,3,lost
RTL1006,22,2,14199.9,4,1,1,6,hibernating
RTL3975,320,2,2033.75,1,1,1,3,lost
RTL4964,224,4,30667.0,2,1,1,4,lost
RTL4162,178,2,627.69,2,1,1,4,lost
RTL2156,344,5,22013.8,1,1,1,3,lost
RTL4522,118,5,28553.24,3,1,1,5,hibernating
RTL4054,277,2,5531.71,2,1,1,4,lost
RTL3590,113,2,7508.64,3,1,1,5,hibernating
RTL4399,2,4,24987.84,4,1,1,6,hibernating
RTL4490,153,3,727045.85,2,1,4,7,at risk
RTL1524,269,2,1326.3,2,1,1,4,lost
RTL4491,270,1,6599.91,2,1,1,4,lost
RTL3772,109,2,7790.3,3,1,1,5,hibernating
RTL4918,20,4,13564.66,4,1,1,6,hibernating
RTL1570,27,3,9483.29,4,1,1,6,hibernating
RTL4776,87,2,936.7,3,1,1,5,hibernating
RTL3526,98,2,1970.1,3,1,1,5,hibernating
RTL1581,19,1,685.87,4,1,1,6,hibernating
RTL2242,69,1,1353.92,3,1,1,5,hibernating
RTL4622,92,3,22430.12,3,1,1,5,hibernating
RTL2735,200,1,75.31,2,1,1,4,lost
RTL4795,396,1,3721.13,1,1,1,3,lost
RTL4001,158,1,2444.04,2,1,1,4,lost
RTL1180,169,2,6010.41,2,1,1,4,lost
RTL4857,63,4,10149.4,3,1,1,5,hibernating
RTL4749,590,3,11930.72,1,1,1,3,lost
RTL3290,261,3,19651.25,2,1,1,4,lost
RTL3437,202,1,278.53,2,1,1,4,lost
RTL3170,687,1,1771.94,1,1,1,3,lost
RTL1031,184,4,11736.92,2,1,1,4,lost
RTL3587,245,1,59.88,2,1,1,4,lost
RTL4180,102,5,10192.0,3,1,1,5,hibernating
RTL3425,434,3,16457.31,1,1,1,3,lost
RTL3980,731,2,7774.22,1,1,1,3,lost
RTL2474,27,4,6005.17,4,1,1,6,hibernating
RTL2828,53,5,23313.86,3,1,1,5,hibernating
RTL2231,33,2,20928.92,4,1,1,6,hibernating
RTL3844,29,5,11188.47,4,1,1,6,hibernating
RTL2985,769,1,13.04,1,1,1,3,lost
RTL2665,210,1,8152.1,2,1,1,4,lost
RTL2354,318,1,634.04,1,1,1,3,lost
RTL3720,15,3,3410.05,4,1,1,6,hibernating
RTL2678,320,3,124330.29,1,1,3,5,hibernating
RTL4811,138,4,12533.1,3,1,1,5,hibernating
RTL1267,222,4,14819.1,2,1,1,4,lost
RTL2606,71,2,2142059.74,3,1,4,8,at risk
RTL3330,309,3,5752.68,1,1,1,3,lost
RTL3171,425,2,5061.46,1,1,1,3,lost
RTL2940,819,1,2292.08,1,1,1,3,lost
RTL3635,716,1,1110.99,1,1,1,3,lost
RTL4306,83,2,15074.38,3,1,1,5,hibernating
RTL1194,107,5,2012167.39,3,1,4,8,at risk
RTL3233,160,2,5333.93,2,1,1,4,lost
RTL2442,123,4,11756.99,3,1,1,5,hibernating
RTL3714,394,1,7115.88,1,1,1,3,lost
RTL2727,203,2,1439.21,2,1,1,4,lost
RTL4996,311,1,6112.8,1,1,1,3,lost
RTL3691,32,2,12627.41,4,1,1,6,hibernating
RTL3109,251,4,131533.21,2,1,3,6,hibernating
RTL2538,202,6,33084.71,2,1,1,4,lost
RTL4589,132,4,16903.4,3,1,1,5,hibernating
RTL3356,806,1,5959.64,1,1,1,3,lost
RTL1360,847,1,3554.6,1,1,1,3,lost
RTL3050,243,2,20513.12,2,1,1,4,lost
RTL3761,60,5,22111.4,3,1,1,5,hibernating
RTL4338,58,5,20875.95,3,1,1,5,hibernating
RTL1273,323,2,4664.33,1,1,1,3,lost
RTL2978,196,3,11306.62,2,1,1,4,lost
RTL2098,429,3,3213.77,1,1,1,3,lost
RTL1924,199,3,2235.7,2,1,1,4,lost
RTL4438,218,2,1525.57,2,1,1,4,lost
RTL1378,286,2,6295.2,2,1,1,4,lost
RTL1504,7,2,16273.15,4,1,1,6,hibernating
RTL4413,44,5,2789602.14,4,1,4,9,loyal
RTL4517,60,1,367.65,3,1,1,5,hibernating
RTL4891,422,1,1169.42,1,1,1,3,lost
RTL1159,571,2,11495.55,1,1,1,3,lost
RTL3319,186,2,6552.55,2,1,1,4,lost
RTL4738,389,3,5366.23,1,1,1,3,lost
RTL1353,311,1,566.12,1,1,1,3,lost
RTL4780,255,2,9435.98,2,1,1,4,lost
RTL4806,212,3,17352.12,2,1,1,4,lost
RTL3210,85,5,5820.84,3,1,1,5,hibernating
RTL4759,300,3,14532.76,2,1,1,4,lost
RTL1206,193,2,2464.11,2,1,1,4,lost
RTL2813,302,2,4018.13,1,1,1,3,lost
RTL4356,59,4,16892.83,3,1,1,5,hibernating
RTL1172,125,3,9849.59,3,1,1,5,hibernating
RTL4103,32,2,11478.31,4,1,1,6,hibernating
RTL2138,284,1,6592.23,2,1,1,4,lost
RTL3989,489,3,11699.48,1,1,1,3,lost
RTL3313,19,5,6175.26,4,1,1,6,hibernating
RTL4544,70,3,25591.48,3,1,1,5,hibernating
RTL3189,380,3,4862.6,1,1,1,3,lost
RTL2381,650,1,5964.2,1,1,1,3,lost
RTL4872,334,1,2816.62,1,1,1,3,lost
RTL4358,463,2,12629.23,1,1,1,3,lost
RTL1335,57,3,12901.02,3,1,1,5,hibernating
RTL3598,238,4,106873.74,2,1,3,6,hibernating
RTL2629,195,3,12444.95,2,1,1,4,lost
RTL1897,180,5,16983.51,2,1,1,4,lost
RTL2660,223,4,8838.89,2,1,1,4,lost
RTL1136,564,3,1091.78,1,1,1,3,lost
RTL2024,271,4,6512.81,2,1,1,4,lost
RTL4288,637,2,9269.58,1,1,1,3,lost
RTL3298,604,1,10756.77,1,1,1,3,lost
RTL3544,195,2,7381.34,2,1,1,4,lost
RTL4469,4,3,2905.37,4,1,1,6,hibernating
RTL4768,324,3,8665.31,1,1,1,3,lost
RTL2571,79,3,11528.7,3,1,1,5,hibernating
RTL3098,627,1,320.82,1,1,1,3,lost
RTL2072,215,3,7103.77,2,1,1,4,lost
RTL4588,355,1,384.28,1,1,1,3,lost
RTL3925,89,3,3068.49,3,1,1,5,hibernating
RTL2034,214,2,7896.87,2,1,1,4,lost
RTL3529,216,2,12907.37,2,1,1,4,lost
RTL1138,512,3,11162.31,1,1,1,3,lost
RTL4416,177,2,7100.73,2,1,1,4,lost
RTL1164,159,4,13771.25,2,1,1,4,lost
RTL1107,163,3,11417.3,2,1,1,4,lost
RTL2268,59,3,18718.45,3,1,1,5,hibernating
RTL4184,13,5,16099.33,4,1,1,6,hibernating
RTL3372,217,4,50066.63,2,1,2,5,hibernating
RTL4360,427,2,8401.83,1,1,1,3,lost
RTL4045,122,2,4072.61,3,1,1,5,hibernating
RTL2731,227,3,4144.56,2,1,1,4,lost
RTL2649,229,1,2611.21,2,1,1,4,lost
RTL3085,346,1,2223.47,1,1,1,3,lost
RTL4663,224,1,422.81,2,1,1,4,lost
RTL2793,148,5,14479.11,3,1,1,5,hibernating
RTL3916,282,4,23509.51,2,1,1,4,lost
RTL3974,296,2,17923.32,2,1,1,4,lost
RTL2972,258,2,5208.44,2,1,1,4,lost
RTL3699,317,1,7825.0,1,1,1,3,lost
RTL2455,205,1,7889.81,2,1,1,4,lost
RTL1563,294,1,6358.97,2,1,1,4,lost
RTL3907,11,4,11332.39,4,1,1,6,hibernating
RTL2748,321,3,11045.67,1,1,1,3,lost
RTL1971,723,2,13358.84,1,1,1,3,lost
RTL4064,446,1,2728.84,1,1,1,3,lost
RTL3764,14,3,8446.17,4,1,1,6,hibernating
RTL1225,352,2,3560.7,1,1,1,3,lost
RTL3268,89,2,11109.08,3,1,1,5,hibernating
RTL3621,347,3,30385.13,1,1,1,3,lost
RTL4568,167,1,9350.98,2,1,1,4,lost
RTL3019,258,5,14598.57,2,1,1,4,lost
RTL2019,397,2,2438.82,1,1,1,3,lost
RTL4276,91,3,502433.42,3,1,4,8,at risk
RTL3981,459,2,11767.5,1,1,1,3,lost
RTL3335,28,3,14480.7,4,1,1,6,hibernating
RTL3371,110,3,9258.2,3,1,1,5,hibernating
RTL4440,273,3,3929.5,2,1,1,4,lost
RTL4473,121,1,517.4,3,1,1,5,hibernating
RTL4516,30,1,2961.15,4,1,1,6,hibernating
RTL1116,185,7,2021923.09,2,1,4,7,at risk
RTL1535,249,2,3611.79,2,1,1,4,lost
RTL2527,331,3,18077.84,1,1,1,3,lost
RTL1800,179,3,4720.69,2,1,1,4,lost
RTL4515,21,1,9315.14,4,1,1,6,hibernating
RTL2101,544,2,8771.88,1,1,1,3,lost
RTL2311,248,1,1402.2,2,1,1,4,lost
RTL3474,281,3,3011.3,2,1,1,4,lost
RTL2565,274,2,1237.32,2,1,1,4,lost
RTL4016,50,3,6568.66,4,1,1,6,hibernating
RTL3604,83,4,30173.65,3,1,1,5,hibernating
RTL4963,140,3,5680.19,3,1,1,5,hibernating
RTL2631,180,1,278.6,2,1,1,4,lost
RTL3389,5,2,2947.18,4,1,1,6,hibernating
RTL2064,35,2,505.89,4,1,1,6,hibernating
RTL2753,218,2,6117.2,2,1,1,4,lost
RTL1816,458,1,58.05,1,1,1,3,lost
RTL3610,51,3,6004.89,3,1,1,5,hibernating
RTL1481,554,1,375.98,1,1,1,3,lost
RTL1905,345,1,12648.68,1,1,1,3,lost
RTL3609,43,2,2367.4,4,1,1,6,hibernating
RTL1219,427,2,1541.51,1,1,1,3,lost
RTL3833,208,2,18730.21,2,1,1,4,lost
RTL1410,52,3,9635.05,3,1,1,5,hibernating
RTL4397,125,3,17009.54,3,1,1,5,hibernating
RTL2110,197,5,14861.25,2,1,1,4,lost
RTL4297,161,4,11959.76,2,1,1,4,lost
RTL3491,25,3,24428.12,4,1,1,6,hibernating
RTL2232,92,3,7865.79,3,1,1,5,hibernating
RTL2861,318,3,23068.19,1,1,1,3,lost
RTL3441,757,1,1568.77,1,1,1,3,lost
RTL3703,104,1,8383.42,3,1,1,5,hibernating
RTL1051,140,5,21001.21,3,1,1,5,hibernating
RTL3489,46,2,283.89,4,1,1,6,hibernating
RTL1317,12,3,13823.26,4,1,1,6,hibernating
RTL2438,514,1,48.94,1,1,1,3,lost
RTL4042,492,3,16950.31,1,1,1,3,lost
RTL2464,49,4,18630.66,4,1,1,6,hibernating
RTL4165,548,1,2895.96,1,1,1,3,lost
RTL3089,540,2,10096.65,1,1,1,3,lost
RTL1777,15,4,6229.7,4,1,1,6,hibernating
RTL1370,275,1,45660.76,2,1,1,4,lost
RTL2179,227,3,14554.75,2,1,1,4,lost
RTL4761,270,1,8871.23,2,1,1,4,lost
RTL2000,836,1,8272.28,1,1,1,3,lost
RTL4981,179,2,1317.47,2,1,1,4,lost
RTL2180,423,2,82.9,1,1,1,3,lost
RTL3196,224,3,2157079.53,2,1,4,7,at risk
RTL4635,121,3,18265.08,3,1,1,5,hibernating
RTL3370,277,2,14066.06,2,1,1,4,lost
RTL4483,202,1,1176.37,2,1,1,4,lost
RTL2252,183,3,3484.77,2,1,1,4,lost
RTL1765,412,1,6056.42,1,1,1,3,lost
RTL2719,133,2,7992.04,3,1,1,5,hibernating
RTL4283,211,4,9318.52,2,1,1,4,lost
RTL1740,100,3,8969.93,3,1,1,5,hibernating
RTL1580,2,3,5135.04,4,1,1,6,hibernating
RTL1124,127,4,14535.95,3,1,1,5,hibernating
RTL3033,445,2,11130.66,1,1,1,3,lost
RTL2396,243,3,12658.63,2,1,1,4,lost
RTL2528,176,2,3866.24,2,1,1,4,lost
RTL4241,266,5,26333.86,2,1,1,4,lost
RTL4928,12,1,51.03,4,1,1,6,hibernating
RTL3751,205,4,4291.56,2,1,1,4,lost
RTL3115,47,4,33419.06,4,1,1,6,hibernating
RTL4121,233,2,22974.01,2,1,1,4,lost
RTL1727,225,4,9565.5,2,1,1,4,lost
RTL1732,37,2,52419.13,4,1,2,7,at risk
RTL1519,296,2,4001.67,2,1,1,4,lost
RTL4137,97,3,11811.42,3,1,1,5,hibernating
RTL3728,307,2,3710.07,1,1,1,3,lost
RTL2574,204,2,8441.82,2,1,1,4,lost
RTL2241,108,5,29034.46,3,1,1,5,hibernating
RTL4250,75,3,8795.78,3,1,1,5,hibernating
RTL4418,10,1,9439.46,4,1,1,6,hibernating
RTL2418,49,4,4762.4,4,1,1,6,hibernating
RTL1231,177,2,7430.15,2,1,1,4,lost
RTL3151,107,4,17402.41,3,1,1,5,hibernating
RTL2829,22,3,9496.17,4,1,1,6,hibernating
RTL3182,298,1,5058.13,2,1,1,4,lost
RTL1003,57,3,27764.01,3,1,1,5,hibernating
RTL2561,438,5,6028.69,1,1,1,3,lost
RTL4936,74,5,23285.26,3,1,1,5,hibernating
RTL3877,97,4,7406.68,3,1,1,5,hibernating
RTL2970,591,2,12164.48,1,1,1,3,lost
RTL2431,321,2,14225.86,1,1,1,3,lost
RTL2933,440,1,456.55,1,1,1,3,lost
RTL2347,105,1,4249.4,3,1,1,5,hibernating
RTL1029,429,1,6252.0,1,1,1,3,lost
RTL4028,648,1,1732.62,1,1,1,3,lost
RTL4212,39,3,6250.54,4,1,1,6,hibernating
RTL4658,231,5,2962.15,2,1,1,4,lost
RTL1030,77,1,12622.36,3,1,1,5,hibernating
RTL3895,231,4,16007.35,2,1,1,4,lost
RTL3810,127,3,3568.6,3,1,1,5,hibernating
RTL4343,293,2,2652.08,2,1,1,4,lost
RTL2917,471,1,4966.95,1,1,1,3,lost
RTL2500,141,1,158.71,3,1,1,5,hibernating
RTL3460,702,2,8966.11,1,1,1,3,lost
RTL4428,98,4,2685.43,3,1,1,5,hibernating
RTL4923,44,4,10379.75,4,1,1,6,hibernating
RTL2447,142,2,12002.58,3,1,1,5,hibernating
RTL1408,311,3,3233.67,1,1,1,3,lost
RTL2523,633,3,4922.98,1,1,1,3,lost
RTL3893,185,2,5967.27,2,1,1,4,lost
RTL1919,6,2,9695.37,4,1,1,6,hibernating
RTL3748,245,2,21033.04,2,1,1,4,lost
RTL3694,280,2,7351.69,2,1,1,4,lost
RTL1990,358,3,25806.79,1,1,1,3,lost
RTL1944,204,2,8177.21,2,1,1,4,lost
RTL4314,82,4,279699.73,3,1,4,8,at risk
RTL3986,279,2,12813.04,2,1,1,4,lost
RTL4453,202,4,33956.34,2,1,1,4,lost
RTL1996,181,1,890.26,2,1,1,4,lost
RTL1842,635,3,1439.4,1,1,1,3,lost
RTL2028,285,1,15831.25,2,1,1,4,lost
RTL2226,198,3,7451.69,2,1,1,4,lost
RTL1004,205,1,2780.64,2,1,1,4,lost
RTL2211,40,2,9450.96,4,1,1,6,hibernating
RTL3069,439,3,17389.36,1,1,1,3,lost
RTL1833,634,2,1135.58,1,1,1,3,lost
RTL3631,69,5,12585.52,3,1,1,5,hibernating
RTL1502,211,1,700.26,2,1,1,4,lost
RTL2238,218,3,2462.84,2,1,1,4,lost
RTL2187,64,2,12234.72,3,1,1,5,hibernating
RTL3569,113,1,1132.32,3,1,1,5,hibernating
RTL3129,196,11,1745504.11,2,2,4,8,at risk
RTL2185,289,2,6141.35,2,1,1,4,lost
RTL1698,22,3,2361.42,4,1,1,6,hibernating
RTL2530,591,1,535.09,1,1,1,3,lost
RTL4956,128,6,11815.84,3,1,1,5,hibernating
RTL4383,356,1,6956.34,1,1,1,3,lost
RTL1242,280,2,16926.16,2,1,1,4,lost
RTL2844,184,4,12646.66,2,1,1,4,lost
RTL1169,308,3,8318.31,1,1,1,3,lost
RTL2202,586,1,3685.19,1,1,1,3,lost
RTL3801,242,2,8488.59,2,1,1,4,lost
RTL1766,203,4,11204.1,2,1,1,4,lost
RTL2258,262,1,7773.9,2,1,1,4,lost
RTL1946,172,2,8858.49,2,1,1,4,lost
RTL1412,58,3,2905.87,3,1,1,5,hibernating
RTL4092,395,2,3342.09,1,1,1,3,lost
RTL1812,285,1,6839.28,2,1,1,4,lost
RTL1181,463,1,2102.04,1,1,1,3,lost
RTL3990,97,4,11126.71,3,1,1,5,hibernating
RTL3160,3,6,176506.06,4,1,3,8,at risk
RTL2319,658,2,12371.67,1,1,1,3,lost
RTL1256,103,5,8211.54,3,1,1,5,hibernating
RTL2061,288,2,11663.32,2,1,1,4,lost
RTL2551,319,2,4125.53,1,1,1,3,lost
RTL4231,186,4,15640.47,2,1,1,4,lost
RTL4854,619,3,4923.56,1,1,1,3,lost
RTL2108,552,2,17712.2,1,1,1,3,lost
RTL4650,28,5,22513.5,4,1,1,6,hibernating
RTL2695,267,3,14877.72,2,1,1,4,lost
RTL4463,396,2,837.33,1,1,1,3,lost
RTL2375,737,1,975.09,1,1,1,3,lost
RTL2276,229,2,6712.86,2,1,1,4,lost
RTL4648,161,2,3094.24,2,1,1,4,lost
RTL4653,193,5,6534.16,2,1,1,4,lost
RTL4339,18,3,509917.68,4,1,4,9,loyal
RTL1114,165,2,4323.08,2,1,1,4,lost
RTL3288,82,2,7257.03,3,1,1,5,hibernating
RTL1028,19,2,18797.79,4,1,1,6,hibernating
RTL1828,691,1,299.27,1,1,1,3,lost
RTL3649,286,1,542.59,2,1,1,4,lost
RTL2893,323,3,106251.14,1,1,3,5,hibernating
RTL3559,171,6,20388.88,2,1,1,4,lost
RTL3992,383,2,2581.39,1,1,1,3,lost
RTL1539,629,1,7248.54,1,1,1,3,lost
RTL1554,345,2,16256.63,1,1,1,3,lost
RTL1151,102,1,3520.65,3,1,1,5,hibernating
RTL4415,455,2,12389.99,1,1,1,3,lost
RTL4252,568,1,3804.85,1,1,1,3,lost
RTL2780,737,1,4466.58,1,1,1,3,lost
RTL3211,371,2,21712.07,1,1,1,3,lost
RTL4281,74,4,5914.29,3,1,1,5,hibernating
RTL2102,209,1,30.86,2,1,1,4,lost
RTL4590,311,3,6223.55,1,1,1,3,lost
RTL1453,319,3,20079.04,1,1,1,3,lost
RTL2494,9,3,11711.65,4,1,1,6,hibernating
RTL2332,820,1,5111.94,1,1,1,3,lost
RTL4807,298,3,8294.23,2,1,1,4,lost
RTL2074,80,4,9204.24,3,1,1,5,hibernating
RTL4608,590,1,3927.89,1,1,1,3,lost
RTL1249,365,1,2490.96,1,1,1,3,lost
RTL1284,630,2,4182.79,1,1,1,3,lost
RTL3226,409,2,4232.48,1,1,1,3,lost
RTL3826,24,6,17438.93,4,1,1,6,hibernating
RTL2732,123,2,2589535.02,3,1,4,8,at risk
RTL3770,316,1,3506.99,1,1,1,3,lost
RTL3971,363,1,103.4,1,1,1,3,lost
RTL2903,243,3,4142.11,2,1,1,4,lost
RTL2918,640,1,3299.36,1,1,1,3,lost
RTL4856,36,5,16890.72,4,1,1,6,hibernating
RTL3655,282,2,787168.99,2,1,4,7,at risk
RTL1253,107,2,3684.85,3,1,1,5,hibernating
RTL1774,190,7,33658.46,2,1,1,4,lost
RTL2842,2,2,6168.9,4,1,1,6,hibernating
RTL3274,232,4,20166.43,2,1,1,4,lost
RTL3606,182,2,6692.41,2,1,1,4,lost
RTL1831,497,2,13379.96,1,1,1,3,lost
RTL1491,183,4,3595.95,2,1,1,4,lost
RTL3162,73,3,80496.79,3,1,2,6,hibernating
RTL2068,344,3,2309.0,1,1,1,3,lost
RTL4880,315,1,10897.26,1,1,1,3,lost
RTL2873,77,3,16830.86,3,1,1,5,hibernating
RTL2761,10,6,23864.47,4,1,1,6,hibernating
RTL3917,343,4,15250.36,1,1,1,3,lost
RTL2026,279,1,13253.74,2,1,1,4,lost
RTL3783,234,3,4188.61,2,1,1,4,lost
RTL2555,531,2,8933.86,1,1,1,3,lost
RTL3787,73,3,15740.47,3,1,1,5,hibernating
RTL4443,325,3,217389666.15,1,1,4,6,hibernating
RTL3311,88,3,7735.4,3,1,1,5,hibernating
RTL4429,325,2,5231.08,1,1,1,3,lost
RTL2827,127,3,5657.03,3,1,1,5,hibernating
RTL4305,300,1,6842.86,2,1,1,4,lost
RTL2203,138,6,34430.43,3,1,1,5,hibernating
RTL3373,107,3,4606.64,3,1,1,5,hibernating
RTL3919,244,1,2413.38,2,1,1,4,lost
RTL2851,564,1,2901.8,1,1,1,3,lost
RTL1839,224,1,587.99,2,1,1,4,lost
RTL3241,69,1,1373.35,3,1,1,5,hibernating
RTL3228,328,1,2421.47,1,1,1,3,lost
RTL2426,245,4,10200.16,2,1,1,4,lost
RTL1315,32,2,1774.54,4,1,1,6,hibernating
RTL2757,73,6,20141.28,3,1,1,5,hibernating
RTL3786,231,1,50.82,2,1,1,4,lost
RTL1285,267,2,16880.96,2,1,1,4,lost
RTL3106,146,4,13816.18,3,1,1,5,hibernating
RTL1972,420,1,3640.01,1,1,1,3,lost
RTL2725,509,2,1338.62,1,1,1,3,lost
RTL4207,184,2,6344.17,2,1,1,4,lost
RTL3802,677,2,6078.28,1,1,1,3,lost
RTL1548,129,3,8136.26,3,1,1,5,hibernating
RTL1455,489,2,506.84,1,1,1,3,lost
RTL3926,343,1,294.78,1,1,1,3,lost
RTL4273,74,5,18718.22,3,1,1,5,hibernating
RTL1329,302,2,11956.45,1,1,1,3,lost
RTL3398,26,2,1126.97,4,1,1,6,hibernating
RTL2973,87,2,9673.94,3,1,1,5,hibernating
RTL3947,7,2,6903.23,4,1,1,6,hibernating
RTL4748,652,1,1888.9,1,1,1,3,lost
RTL2805,111,1,392.52,3,1,1,5,hibernating
RTL1160,13,4,11266.85,4,1,1,6,hibernating
RTL3689,16,3,1457.13,4,1,1,6,hibernating
RTL4230,25,7,32894.53,4,1,1,6,hibernating
RTL2718,219,1,2891.02,2,1,1,4,lost
RTL4710,179,7,32638.45,2,1,1,4,lost
RTL1526,101,2,3899.89,3,1,1,5,hibernating
RTL1961,343,2,818107.78,1,1,4,6,hibernating
RTL3961,236,3,10050.81,2,1,1,4,lost
RTL2781,161,2,9150.39,2,1,1,4,lost
RTL1621,368,3,17004.35,1,1,1,3,lost
RTL4815,329,2,7915.3,1,1,1,3,lost
RTL3225,28,3,748410.3,4,1,4,9,loyal
RTL3448,257,1,3954.86,2,1,1,4,lost
RTL1470,727,2,11664.55,1,1,1,3,lost
RTL3624,445,1,3432.86,1,1,1,3,lost
RTL1510,284,6,10192.17,2,1,1,4,lost
RTL3240,338,2,9627.13,1,1,1,3,lost
RTL3235,566,2,9951.23,1,1,1,3,lost
RTL4945,233,1,10765.46,2,1,1,4,lost
RTL2104,266,2,11418.39,2,1,1,4,lost
RTL2419,456,3,9916.12,1,1,1,3,lost
RTL1530,340,5,8616.49,1,1,1,3,lost
RTL3433,364,1,543.54,1,1,1,3,lost
RTL4603,168,2,16616.18,2,1,1,4,lost
RTL1717,508,3,735643.64,1,1,4,6,hibernating
RTL4734,336,2,8425.32,1,1,1,3,lost
RTL3232,334,2,17033.72,1,1,1,3,lost
RTL2717,144,5,12816.14,3,1,1,5,hibernating
RTL2283,175,2,12798.3,2,1,1,4,lost
RTL3254,325,2,7447.87,1,1,1,3,lost
RTL3665,231,4,23981.18,2,1,1,4,lost
RTL4552,176,4,25454.14,2,1,1,4,lost
RTL1291,83,1,1267.59,3,1,1,5,hibernating
RTL4678,167,3,9651.53,2,1,1,4,lost
RTL3428,729,1,1340.7,1,1,1,3,lost
RTL3969,141,2,2251.83,3,1,1,5,hibernating
RTL3001,501,2,7794.23,1,1,1,3,lost
RTL1126,179,1,1753.65,2,1,1,4,lost
RTL4012,198,4,22325.35,2,1,1,4,lost
RTL2379,306,2,9283.95,1,1,1,3,lost
RTL4551,51,5,14881.09,3,1,1,5,hibernating
RTL2178,495,2,10916.34,1,1,1,3,lost
RTL3515,324,3,57199.82,1,1,2,4,lost
RTL4689,88,2,10863.43,3,1,1,5,hibernating
RTL2331,84,2,9334.21,3,1,1,5,hibernating
RTL1495,50,4,16530.93,4,1,1,6,hibernating
RTL3291,11,3,21705.29,4,1,1,6,hibernating
RTL3744,583,1,9462.45,1,1,1,3,lost
RTL1444,15,3,6471.73,4,1,1,6,hibernating
RTL2158,695,1,12.26,1,1,1,3,lost
RTL1063,63,4,21467.82,3,1,1,5,hibernating
RTL4914,111,5,21923.54,3,1,1,5,hibernating
RTL1802,92,2,2639.84,3,1,1,5,hibernating
RTL1898,33,6,27862.9,4,1,1,6,hibernating
RTL4411,324,1,2338.23,1,1,1,3,lost
RTL3350,210,4,20168.85,2,1,1,4,lost
RTL4365,454,1,86.18,1,1,1,3,lost
RTL3997,524,1,801.3,1,1,1,3,lost
RTL1577,326,2,12940.07,1,1,1,3,lost
RTL2963,361,1,171.63,1,1,1,3,lost
RTL2349,461,4,14285.48,1,1,1,3,lost
RTL2768,264,2,12001.66,2,1,1,4,lost
RTL4895,311,5,8744.02,1,1,1,3,lost
RTL4992,221,3,1761.99,2,1,1,4,lost
RTL1119,273,2,4530.84,2,1,1,4,lost
RTL3100,51,4,10794.76,3,1,1,5,hibernating
RTL4613,95,5,4774.82,3,1,1,5,hibernating
RTL4166,109,3,8429.71,3,1,1,5,hibernating
RTL3930,138,1,849010.08,3,1,4,8,at risk
RTL1264,350,1,342.73,1,1,1,3,lost
RTL1328,137,3,30615.16,3,1,1,5,hibernating
RTL2106,80,2,5231.42,3,1,1,5,hibernating
RTL2845,654,1,322.33,1,1,1,3,lost
RTL2224,662,2,5204.63,1,1,1,3,lost
RTL2195,49,2,9317.94,4,1,1,6,hibernating
RTL1078,293,1,1734.78,2,1,1,4,lost
RTL3771,20,2,5579.57,4,1,1,6,hibernating
RTL4079,557,1,6093.47,1,1,1,3,lost
RTL1338,8,1,1664.86,4,1,1,6,hibernating
RTL4499,601,1,556.03,1,1,1,3,lost
RTL1975,119,5,14798.59,3,1,1,5,hibernating
RTL2941,124,2,19975.21,3,1,1,5,hibernating
RTL3400,108,2,34630.38,3,1,1,5,hibernating
RTL4178,110,3,6915.64,3,1,1,5,hibernating
RTL1687,562,2,3400.83,1,1,1,3,lost
RTL3996,139,3,13035.29,3,1,1,5,hibernating
RTL2112,160,7,437943.11,2,1,4,7,at risk
RTL1551,332,3,17498.64,1,1,1,3,lost
RTL1963,324,2,2095.46,1,1,1,3,lost
RTL4235,645,1,709.64,1,1,1,3,lost
RTL2052,351,3,6669.9,1,1,1,3,lost
RTL4969,159,4,19468.52,2,1,1,4,lost
RTL4083,239,1,1913.05,2,1,1,4,lost
RTL3722,132,4,19946.45,3,1,1,5,hibernating
RTL1506,680,2,13741.77,1,1,1,3,lost
RTL1678,287,4,4865.5,2,1,1,4,lost
RTL1987,210,2,8841.59,2,1,1,4,lost
RTL2800,265,4,10918.5,2,1,1,4,lost
RTL1931,378,3,16578.4,1,1,1,3,lost
RTL1334,312,3,7364.03,1,1,1,3,lost
RTL1527,463,3,9519.53,1,1,1,3,lost
RTL1223,210,1,9658.08,2,1,1,4,lost
RTL2066,85,3,1820.99,3,1,1,5,hibernating
RTL1376,175,4,34254.72,2,1,1,4,lost
RTL4858,518,1,6434.64,1,1,1,3,lost
RTL3304,250,3,3828.5,2,1,1,4,lost
RTL3762,13,2,8879.24,4,1,1,6,hibernating
RTL2219,202,3,18783.17,2,1,1,4,lost
RTL1644,102,3,439.7,3,1,1,5,hibernating
RTL4836,309,2,6902.08,1,1,1,3,lost
RTL3550,218,2,14600.51,2,1,1,4,lost
RTL2616,479,4,6550.23,1,1,1,3,lost
RTL4826,240,1,2349.27,2,1,1,4,lost
RTL2987,702,2,1034.64,1,1,1,3,lost
RTL1784,112,1,1467.19,3,1,1,5,hibernating
RTL2881,278,3,12077.09,2,1,1,4,lost
RTL1528,16,3,7703.9,4,1,1,6,hibernating
RTL3452,310,4,31327.36,1,1,1,3,lost
RTL1404,19,3,16152.49,4,1,1,6,hibernating
RTL2141,204,3,7497.78,2,1,1,4,lost
RTL3532,466,1,46.91,1,1,1,3,lost
RTL3329,695,1,941.29,1,1,1,3,lost
RTL4211,101,2,3339.66,3,1,1,5,hibernating
RTL3365,30,1,7802.3,4,1,1,6,hibernating
RTL1143,183,2,2807.18,2,1,1,4,lost
RTL3712,166,3,21681.81,2,1,1,4,lost
RTL2653,53,4,18781.21,3,1,1,5,hibernating
RTL2154,298,5,23429.38,2,1,1,4,lost
RTL1934,264,3,5101.84,2,1,1,4,lost
RTL2723,20,1,557.61,4,1,1,6,hibernating
RTL4417,167,1,6429.79,2,1,1,4,lost
RTL4152,182,4,26451.78,2,1,1,4,lost
RTL1514,30,2,681.67,4,1,1,6,hibernating
RTL1469,265,1,1253.52,2,1,1,4,lost
RTL4950,126,5,2758452.87,3,1,4,8,at risk
RTL4007,111,2,1291.62,3,1,1,5,hibernating
RTL1797,234,3,12313.12,2,1,1,4,lost
RTL3214,628,1,5734.51,1,1,1,3,lost
RTL3423,207,2,4188.73,2,1,1,4,lost
RTL1418,80,7,23520.21,3,1,1,5,hibernating
RTL2627,117,3,13412.2,3,1,1,5,hibernating
RTL3454,282,5,24502.65,2,1,1,4,lost
RTL3760,44,3,7433.57,4,1,1,6,hibernating
RTL4487,244,2,5256.5,2,1,1,4,lost
RTL4506,253,1,2922.91,2,1,1,4,lost
RTL4833,123,3,504.73,3,1,1,5,hibernating
RTL1586,173,5,33262.11,2,1,1,4,lost
RTL3036,209,3,5896.18,2,1,1,4,lost
RTL3174,233,3,32563.18,2,1,1,4,lost
RTL3884,127,4,11051.54,3,1,1,5,hibernating
RTL2152,69,2,2555481.09,3,1,4,8,at risk
RTL3882,61,5,26935.6,3,1,1,5,hibernating
RTL2852,205,2,15596.58,2,1,1,4,lost
RTL1840,236,5,20615.85,2,1,1,4,lost
RTL3025,311,1,6747.09,1,1,1,3,lost
RTL4823,676,2,3321.77,1,1,1,3,lost
RTL2395,48,4,6223.34,4,1,1,6,hibernating
RTL3754,127,7,30966.9,3,1,1,5,hibernating
RTL1966,240,3,34241.99,2,1,1,4,lost
RTL4190,248,6,20176.47,2,1,1,4,lost
RTL3360,56,5,24666.98,3,1,1,5,hibernating
RTL3041,295,2,3777.93,2,1,1,4,lost
RTL1677,338,2,5898.28,1,1,1,3,lost
RTL3132,348,1,3777.96,1,1,1,3,lost
RTL2817,174,2,1004.69,2,1,1,4,lost
RTL3018,77,6,1806060.92,3,1,4,8,at risk
RTL4899,131,3,18912.53,3,1,1,5,hibernating
RTL3816,267,1,1342.39,2,1,1,4,lost
RTL3524,414,2,10900.56,1,1,1,3,lost
RTL1735,212,3,17463.71,2,1,1,4,lost
RTL1072,98,3,22312.38,3,1,1,5,hibernating
RTL4432,652,1,3350.94,1,1,1,3,lost
RTL1511,241,2,10971.35,2,1,1,4,lost
RTL3726,54,1,13719.36,3,1,1,5,hibernating
RTL4675,258,3,7046.4,2,1,1,4,lost
RTL1927,33,1,989.16,4,1,1,6,hibernating
RTL2889,13,2,266137.65,4,1,4,9,loyal
RTL2127,774,1,90.9,1,1,1,3,lost
RTL3572,221,4,24985.79,2,1,1,4,lost
RTL2271,20,1,10843.98,4,1,1,6,hibernating
RTL4294,338,4,3292.22,1,1,1,3,lost
RTL3747,88,6,327412.76,3,1,4,8,at risk
RTL3080,176,4,13557.22,2,1,1,4,lost
RTL4436,323,1,6049.41,1,1,1,3,lost
RTL4354,771,1,1344.6,1,1,1,3,lost
RTL4133,96,2,1629.45,3,1,1,5,hibernating
RTL1967,17,6,16232.22,4,1,1,6,hibernating
RTL4563,248,2,1818.36,2,1,1,4,lost
RTL4359,343,4,12212.66,1,1,1,3,lost
RTL2133,591,2,17176.48,1,1,1,3,lost
RTL4099,423,1,3129.5,1,1,1,3,lost
RTL4870,123,5,11676.28,3,1,1,5,hibernating
RTL4549,330,2,2131.66,1,1,1,3,lost
RTL1864,581,1,589.85,1,1,1,3,lost
RTL1301,109,2,5114.51,3,1,1,5,hibernating
RTL1158,138,2,22406.94,3,1,1,5,hibernating
RTL3779,135,4,16109.11,3,1,1,5,hibernating
RTL2124,665,1,1255728.37,1,1,4,6,hibernating
RTL3525,53,2,3351.81,3,1,1,5,hibernating
RTL2564,122,3,19175.04,3,1,1,5,hibernating
RTL1557,661,1,372.06,1,1,1,3,lost
RTL4617,24,3,14027.59,4,1,1,6,hibernating
RTL3766,289,3,7732.0,2,1,1,4,lost
RTL4598,584,1,762.3,1,1,1,3,lost
RTL2136,58,5,31959.67,3,1,1,5,hibernating
RTL3931,185,6,24780.03,2,1,1,4,lost
RTL1623,3,3,17695.01,4,1,1,6,hibernating
RTL4498,316,2,1006.95,1,1,1,3,lost
RTL3516,35,3,24090.12,4,1,1,6,hibernating
RTL1874,112,5,35394.45,3,1,1,5,hibernating
RTL2160,285,1,2077.94,2,1,1,4,lost
RTL2056,227,5,2691.52,2,1,1,4,lost
RTL2693,312,4,11566.61,1,1,1,3,lost
RTL4908,140,2,1339764.51,3,1,4,8,at risk
RTL1053,570,1,19.34,1,1,1,3,lost
RTL1123,173,2,1041.56,2,1,1,4,lost
RTL4034,289,3,490302.8,2,1,4,7,at risk
RTL2559,320,5,23486.61,1,1,1,3,lost
RTL2146,84,3,8805.67,3,1,1,5,hibernating
RTL1202,236,4,11051.59,2,1,1,4,lost
RTL3084,809,1,5470.43,1,1,1,3,lost
RTL1297,8,4,16134.49,4,1,1,6,hibernating
RTL4493,248,2,24944.09,2,1,1,4,lost
RTL2214,376,3,11142.86,1,1,1,3,lost
RTL1174,56,3,12315.78,3,1,1,5,hibernating
RTL3177,294,4,13503.64,2,1,1,4,lost
RTL4464,635,1,1999.04,1,1,1,3,lost
RTL3083,507,1,4046.28,1,1,1,3,lost
RTL4739,36,3,20137.29,4,1,1,6,hibernating
RTL4610,135,1,5382.13,3,1,1,5,hibernating
RTL4321,568,2,4328.34,1,1,1,3,lost
RTL3267,228,2,6328.5,2,1,1,4,lost
RTL2089,81,6,42640.99,3,1,1,5,hibernating
RTL2841,330,3,14113.19,1,1,1,3,lost
RTL3831,245,2,7583.4,2,1,1,4,lost
RTL4830,69,2,1022.88,3,1,1,5,hibernating
RTL3282,235,3,14257.84,2,1,1,4,lost
RTL2650,149,2,16781.27,3,1,1,5,hibernating
RTL4329,62,3,21323.77,3,1,1,5,hibernating
RTL2715,163,3,11506.53,2,1,1,4,lost
RTL1135,217,3,1160993.24,2,1,4,7,at risk
RTL4021,381,1,3267.07,1,1,1,3,lost
RTL3238,218,2,207.33,2,1,1,4,lost
RTL3648,646,2,9650.32,1,1,1,3,lost
RTL3951,259,3,3610.91,2,1,1,4,lost
RTL3799,134,1,1195.53,3,1,1,5,hibernating
RTL3749,270,4,5861.88,2,1,1,4,lost
RTL2075,382,2,259209.05,1,1,4,6,hibernating
RTL3825,277,3,17298.03,2,1,1,4,lost
RTL2080,169,4,11910.37,2,1,1,4,lost
RTL3800,291,6,32716.94,2,1,1,4,lost
RTL2086,325,2,120799.61,1,1,3,5,hibernating
RTL3867,162,2,7349.42,2,1,1,4,lost
RTL4259,115,5,17730.81,3,1,1,5,hibernating
RTL2082,196,4,17377.89,2,1,1,4,lost
RTL2782,258,2,2739.03,2,1,1,4,lost
RTL3966,92,3,16517.67,3,1,1,5,hibernating
RTL4120,47,3,4691.95,4,1,1,6,hibernating
RTL2422,62,6,20225.38,3,1,1,5,hibernating
RTL3875,357,4,19909.73,1,1,1,3,lost
RTL4293,119,4,9883.45,3,1,1,5,hibernating
RTL3273,2,1,588.54,4,1,1,6,hibernating
RTL1101,190,2,4469.91,2,1,1,4,lost
RTL1228,104,6,30480.26,3,1,1,5,hibernating
RTL4022,284,1,5579.11,2,1,1,4,lost
RTL4718,159,3,22264.93,2,1,1,4,lost
RTL1196,333,4,11621.11,1,1,1,3,lost
RTL2611,349,2,10044.97,1,1,1,3,lost
RTL1200,267,2,7901.88,2,1,1,4,lost
RTL4205,565,2,2107.98,1,1,1,3,lost
RTL2603,248,1,2095.51,2,1,1,4,lost
RTL4335,164,3,18515.78,2,1,1,4,lost
RTL1756,24,3,7905.41,4,1,1,6,hibernating
RTL4706,1,6,385145.61,4,1,4,9,loyal
RTL3260,197,2,5256.31,2,1,1,4,lost
RTL1764,66,7,23974.11,3,1,1,5,hibernating
RTL3588,155,5,165548.21,2,1,3,6,hibernating
RTL3192,265,3,13569.65,2,1,1,4,lost
RTL1434,295,3,10480.85,2,1,1,4,lost
RTL3725,715,2,5758.55,1,1,1,3,lost
RTL2832,568,1,706.0,1,1,1,3,lost
RTL3638,176,4,9994.98,2,1,1,4,lost
RTL4197,8,3,12710.07,4,1,1,6,hibernating
RTL4462,458,1,8102.79,1,1,1,3,lost
RTL1306,226,1,11440.44,2,1,1,4,lost
RTL3789,328,3,6049.84,1,1,1,3,lost
RTL2698,323,1,712.89,1,1,1,3,lost
RTL2858,157,4,16553.89,2,1,1,4,lost
RTL2834,119,3,1396.28,3,1,1,5,hibernating
RTL2039,678,1,195.8,1,1,1,3,lost
RTL4638,36,7,21130.43,4,1,1,6,hibernating
RTL4705,662,1,108.08,1,1,1,3,lost
RTL4812,459,3,5839.92,1,1,1,3,lost
RTL3305,141,7,31578.48,3,1,1,5,hibernating
RTL4304,63,1,1033795.44,3,1,4,8,at risk
RTL1661,45,5,17893.07,4,1,1,6,hibernating
RTL1248,208,3,17265.28,2,1,1,4,lost
RTL3630,461,1,77.86,1,1,1,3,lost
RTL4426,85,4,13648.77,3,1,1,5,hibernating
RTL3870,317,1,2872.8,1,1,1,3,lost
RTL4984,173,3,4408.98,2,1,1,4,lost
RTL2581,616,1,417.64,1,1,1,3,lost
RTL1553,2,3,4111.03,4,1,1,6,hibernating
RTL3394,484,3,1053.32,1,1,1,3,lost
RTL4221,814,1,980.19,1,1,1,3,lost
RTL4262,264,2,11880.1,2,1,1,4,lost
RTL2334,548,4,25352.49,1,1,1,3,lost
RTL3874,59,4,6095.47,3,1,1,5,hibernating
RTL4982,264,1,7869.92,2,1,1,4,lost
RTL3840,350,1,344.36,1,1,1,3,lost
RTL4220,193,6,25877.6,2,1,1,4,lost
RTL1406,474,2,13936.75,1,1,1,3,lost
RTL2398,313,3,4004.96,1,1,1,3,lost
RTL1848,404,2,11887.42,1,1,1,3,lost
RTL3939,207,2,6512.0,2,1,1,4,lost
RTL2341,239,2,4981.86,2,1,1,4,lost
RTL2913,268,4,18897.93,2,1,1,4,lost
RTL1251,212,2,11139.88,2,1,1,4,lost
RTL3251,20,2,13945.9,4,1,1,6,hibernating
RTL3911,802,1,345.24,1,1,1,3,lost
RTL1893,152,5,6228.5,2,1,1,4,lost
RTL4906,159,4,26828.94,2,1,1,4,lost
RTL2712,109,4,20671.65,3,1,1,5,hibernating
RTL3133,253,2,17772.54,2,1,1,4,lost
RTL1722,217,4,831175.85,2,1,4,7,at risk
RTL1807,78,2,4945.46,3,1,1,5,hibernating
RTL2742,113,2,5399.64,3,1,1,5,hibernating
RTL3987,500,1,381.14,1,1,1,3,lost
RTL2968,605,1,1232.04,1,1,1,3,lost
RTL4086,311,4,2010001.56,1,1,4,6,hibernating
RTL2021,225,2,11004.07,2,1,1,4,lost
RTL3030,516,2,3098.96,1,1,1,3,lost
RTL3629,22,2,5191.86,4,1,1,6,hibernating
RTL2287,55,2,672043.98,3,1,4,8,at risk
RTL4755,6,4,23478.58,4,1,1,6,hibernating
RTL3283,253,1,9311.0,2,1,1,4,lost
RTL1832,472,3,13008.93,1,1,1,3,lost
RTL4336,199,2,3467.97,2,1,1,4,lost
RTL4425,35,1,396.75,4,1,1,6,hibernating
RTL2459,213,3,12318.45,2,1,1,4,lost
RTL2159,81,5,31519.86,3,1,1,5,hibernating
RTL4271,205,3,7213.52,2,1,1,4,lost
RTL1811,300,2,10105.55,2,1,1,4,lost
RTL4194,230,4,11892.97,2,1,1,4,lost
RTL2439,214,1,1545.91,2,1,1,4,lost
RTL1808,348,4,13143.29,1,1,1,3,lost
RTL3620,208,2,5421.16,2,1,1,4,lost
RTL2835,211,3,2932.66,2,1,1,4,lost
RTL4887,23,4,11133.69,4,1,1,6,hibernating
RTL2280,752,1,1975.98,1,1,1,3,lost
RTL2666,256,1,2173.5,2,1,1,4,lost
RTL3933,26,3,22417.44,4,1,1,6,hibernating
RTL2462,466,1,7745.86,1,1,1,3,lost
RTL2783,75,4,5026.1,3,1,1,5,hibernating
RTL4782,521,1,1486.1,1,1,1,3,lost
RTL3815,365,2,15997.78,1,1,1,3,lost
RTL1555,131,3,18501.72,3,1,1,5,hibernating
RTL4127,253,2,4559.37,2,1,1,4,lost
RTL3197,360,2,5034.09,1,1,1,3,lost
RTL2984,199,1,2862.97,2,1,1,4,lost
RTL3563,323,3,10160.34,1,1,1,3,lost
RTL3641,521,1,4359.68,1,1,1,3,lost
RTL1255,626,2,1883.95,1,1,1,3,lost
RTL1716,298,2,2619.16,2,1,1,4,lost
RTL2809,257,2,2728.3,2,1,1,4,lost
RTL2679,215,5,2238305.68,2,1,4,7,at risk
RTL3053,545,2,14472.63,1,1,1,3,lost
RTL2577,272,3,12368.77,2,1,1,4,lost
RTL2990,339,3,7788.3,1,1,1,3,lost
RTL2059,48,5,12153.67,4,1,1,6,hibernating
RTL4136,140,1,4547.1,3,1,1,5,hibernating
RTL3239,483,3,3111.2,1,1,1,3,lost
RTL4595,52,2,3611.23,3,1,1,5,hibernating
RTL3856,185,1,1096.59,2,1,1,4,lost
RTL3776,439,1,1920.71,1,1,1,3,lost
RTL3511,440,2,18273.1,1,1,1,3,lost
RTL4209,348,1,1689.63,1,1,1,3,lost
RTL1631,193,3,17805.6,2,1,1,4,lost
RTL1597,154,1,1604.5,2,1,1,4,lost
RTL2726,74,3,25064.86,3,1,1,5,hibernating
RTL3031,7,5,28954.31,4,1,1,6,hibernating
RTL4669,43,5,1211725.9,4,1,4,9,loyal
RTL2062,70,4,4251.04,3,1,1,5,hibernating
RTL4382,360,2,11019.47,1,1,1,3,lost
RTL3411,249,2,3327.3,2,1,1,4,lost
RTL2105,211,1,7732.5,2,1,1,4,lost
RTL1305,413,1,3850.63,1,1,1,3,lost
RTL3820,661,2,3440.92,1,1,1,3,lost
RTL2317,238,2,16667.85,2,1,1,4,lost
RTL2397,33,3,24077.03,4,1,1,6,hibernating
RTL1576,13,4,7097.15,4,1,1,6,hibernating
RTL4723,90,2,13348.22,3,1,1,5,hibernating
RTL4435,299,1,10676.28,2,1,1,4,lost
RTL4868,43,5,22164.61,4,1,1,6,hibernating
RTL2754,258,3,22823.37,2,1,1,4,lost
RTL1818,155,4,6513.54,2,1,1,4,lost
RTL2452,417,2,356109.65,1,1,4,6,hibernating
RTL3242,845,1,1401.12,1,1,1,3,lost
RTL3483,262,5,12966.76,2,1,1,4,lost
RTL2193,424,3,14110.44,1,1,1,3,lost
RTL3377,268,3,10245.08,2,1,1,4,lost
RTL4368,284,2,3418.46,2,1,1,4,lost
RTL4565,155,3,16194.93,2,1,1,4,lost
RTL1752,221,2,3522.46,2,1,1,4,lost
RTL3568,745,2,567.97,1,1,1,3,lost
RTL2685,217,3,12896.93,2,1,1,4,lost
RTL2900,44,2,6336.93,4,1,1,6,hibernating
RTL4529,54,5,39774.18,3,1,1,5,hibernating
RTL2833,242,1,150.4,2,1,1,4,lost
RTL1298,669,1,6434.52,1,1,1,3,lost
RTL2342,65,2,8138.3,3,1,1,5,hibernating
RTL2249,262,1,3183.32,2,1,1,4,lost
RTL2979,258,2,12836.73,2,1,1,4,lost
RTL4657,365,2,2285.3,1,1,1,3,lost
RTL2463,637,2,5782.49,1,1,1,3,lost
RTL1609,615,3,6050.63,1,1,1,3,lost
RTL1422,14,3,8665.85,4,1,1,6,hibernating
RTL3734,64,1,142.5,3,1,1,5,hibernating
RTL3503,92,2,6617.56,3,1,1,5,hibernating
RTL2093,301,4,597298.19,1,1,4,6,hibernating
RTL4580,313,2,6696.5,1,1,1,3,lost
RTL4553,219,2,5634.95,2,1,1,4,lost
RTL4740,104,3,11535.07,3,1,1,5,hibernating
RTL4752,585,1,1661.4,1,1,1,3,lost
RTL2994,238,3,8553.38,2,1,1,4,lost
RTL1073,490,2,5363.66,1,1,1,3,lost
RTL2327,224,6,28337.94,2,1,1,4,lost
RTL3807,45,4,6246.67,4,1,1,6,hibernating
RTL1325,171,4,9650.68,2,1,1,4,lost
RTL3897,248,2,353.71,2,1,1,4,lost
RTL4385,275,4,21074.34,2,1,1,4,lost
RTL3016,25,3,671922.12,4,1,4,9,loyal
RTL2580,5,4,3488.31,4,1,1,6,hibernating
RTL1186,627,1,1852.37,1,1,1,3,lost
RTL4998,814,1,1519.02,1,1,1,3,lost
RTL4547,87,5,1744869.59,3,1,4,8,at risk
RTL4849,358,1,9912.57,1,1,1,3,lost
RTL4084,198,1,165.58,2,1,1,4,lost
RTL1413,285,2,922.99,2,1,1,4,lost
RTL2437,58,7,7380.43,3,1,1,5,hibernating
RTL3257,257,3,6707.65,2,1,1,4,lost
RTL4667,80,5,16895.55,3,1,1,5,hibernating
RTL4720,214,2,3557.62,2,1,1,4,lost
RTL1446,126,4,23167.68,3,1,1,5,hibernating
RTL2285,212,5,32635.36,2,1,1,4,lost
RTL4926,120,4,21756.6,3,1,1,5,hibernating
RTL2769,13,1,348.74,4,1,1,6,hibernating
RTL4575,787,1,1808.33,1,1,1,3,lost
RTL2425,456,1,5853.5,1,1,1,3,lost
RTL1964,833,1,460.51,1,1,1,3,lost
RTL2585,115,5,23467.87,3,1,1,5,hibernating
RTL1250,94,2,130297.75,3,1,3,7,at risk
RTL3683,214,4,24863.95,2,1,1,4,lost
RTL4570,709,1,6118.0,1,1,1,3,lost
RTL4496,112,2,1202.49,3,1,1,5,hibernating
RTL2440,167,2,17612.42,2,1,1,4,lost
RTL3456,410,1,450.99,1,1,1,3,lost
RTL4237,121,2,13189.37,3,1,1,5,hibernating
RTL3234,146,3,11178.07,3,1,1,5,hibernating
RTL4838,45,5,10717.64,4,1,1,6,hibernating
RTL4640,611,1,1712.2,1,1,1,3,lost
RTL1981,72,1,2195.21,3,1,1,5,hibernating
RTL4727,303,6,27138.51,1,1,1,3,lost
RTL4976,215,3,17162.6,2,1,1,4,lost
RTL1193,276,1,128.68,2,1,1,4,lost
RTL3579,231,3,597563.69,2,1,4,7,at risk
RTL1867,584,2,2967.97,1,1,1,3,lost
RTL1026,30,2,1761150.62,4,1,4,9,loyal
RTL1062,323,1,679.35,1,1,1,3,lost
RTL3717,760,1,182.42,1,1,1,3,lost
RTL3237,151,4,3854.22,2,1,1,4,lost
RTL2840,381,1,2873.76,1,1,1,3,lost
RTL4318,99,4,116557.14,3,1,3,7,at risk
RTL2888,124,1,1432.78,3,1,1,5,hibernating
RTL2607,254,3,12481.23,2,1,1,4,lost
RTL4846,205,2,1787.11,2,1,1,4,lost
RTL1393,245,2,934.03,2,1,1,4,lost
RTL2697,237,1,738.03,2,1,1,4,lost
RTL3602,192,2,12645.64,2,1,1,4,lost
RTL2205,179,1,6407.31,2,1,1,4,lost
RTL4697,252,5,21415.34,2,1,1,4,lost
RTL3208,111,2,9446.19,3,1,1,5,hibernating
RTL3422,215,3,14127.69,2,1,1,4,lost
RTL4484,64,2,8432.33,3,1,1,5,hibernating
RTL1995,122,3,22182.43,3,1,1,5,hibernating
RTL4942,690,2,7391.45,1,1,1,3,lost
RTL2172,8,2,9024.71,4,1,1,6,hibernating
RTL3306,263,3,20086.66,2,1,1,4,lost
RTL4390,354,4,10392.6,1,1,1,3,lost
RTL3472,128,1,855.2,3,1,1,5,hibernating
RTL1616,365,1,370.59,1,1,1,3,lost
RTL4468,310,1,2022.12,1,1,1,3,lost
RTL4721,110,2,8691.17,3,1,1,5,hibernating
RTL4000,25,1,3766.1,4,1,1,6,hibernating
RTL3723,745,1,18311.42,1,1,1,3,lost
RTL1836,125,2,2284.54,3,1,1,5,hibernating
RTL1055,457,1,106.68,1,1,1,3,lost
RTL3480,351,2,6130.34,1,1,1,3,lost
RTL2997,323,2,8362.19,1,1,1,3,lost
RTL2864,408,4,456479.04,1,1,4,6,hibernating
RTL4666,336,1,8862.58,1,1,1,3,lost
RTL4327,213,3,17979.47,2,1,1,4,lost
RTL4433,94,5,21225.74,3,1,1,5,hibernating
RTL4442,354,2,3985.09,1,1,1,3,lost
RTL2301,843,1,745.71,1,1,1,3,lost
RTL2314,163,5,21081.01,2,1,1,4,lost
RTL2646,746,1,13.78,1,1,1,3,lost
RTL1866,766,1,982823.72,1,1,4,6,hibernating
RTL1925,578,1,457.11,1,1,1,3,lost
RTL3153,535,1,4045.86,1,1,1,3,lost
RTL3155,51,4,4522.24,3,1,1,5,hibernating
RTL2533,70,4,4357.03,3,1,1,5,hibernating
RTL4554,217,1,2640.32,2,1,1,4,lost
RTL2166,100,4,1296324.91,3,1,4,8,at risk
RTL1960,70,2,855.69,3,1,1,5,hibernating
RTL3122,599,1,4214.38,1,1,1,3,lost
RTL4394,199,3,20081.31,2,1,1,4,lost
RTL4169,83,3,1537.97,3,1,1,5,hibernating
RTL3352,159,5,14057.98,2,1,1,4,lost
RTL1068,50,2,4320.88,4,1,1,6,hibernating
RTL2634,352,2,2789.21,1,1,1,3,lost
RTL2167,325,1,85.22,1,1,1,3,lost
RTL1611,10,1,1307.95,4,1,1,6,hibernating
RTL3117,157,4,16695.39,2,1,1,4,lost
RTL4526,275,2,8818.17,2,1,1,4,lost
RTL3164,237,4,15083.98,2,1,1,4,lost
RTL1009,73,5,25381.43,3,1,1,5,hibernating
RTL3161,304,2,947.19,1,1,1,3,lost
RTL4154,813,1,11768.54,1,1,1,3,lost
RTL4519,103,1,432.88,3,1,1,5,hibernating
RTL3953,242,1,25.38,2,1,1,4,lost
RTL3991,666,1,6954.96,1,1,1,3,lost
RTL3362,161,5,15798.09,2,1,1,4,lost
RTL4269,400,3,13478.41,1,1,1,3,lost
RTL4155,333,1,3267.36,1,1,1,3,lost
RTL4048,1,3,10666.75,4,1,1,6,hibernating
RTL1904,371,1,2100.38,1,1,1,3,lost
RTL2826,206,1,77708.48,2,1,2,5,hibernating
RTL4618,611,1,3765.0,1,1,1,3,lost
RTL1798,249,2,19270.05,2,1,1,4,lost
RTL3150,284,1,2345.25,2,1,1,4,lost
RTL1024,732,1,49.13,1,1,1,3,lost
RTL2245,209,2,3224.66,2,1,1,4,lost
RTL3650,585,1,2044.95,1,1,1,3,lost
RTL4652,352,3,59085.35,1,1,2,4,lost
RTL1693,292,4,5845.62,2,1,1,4,lost
RTL4225,355,2,3594.67,1,1,1,3,lost
RTL4524,353,3,257085.62,1,1,4,6,hibernating
RTL1888,126,3,13540.96,3,1,1,5,hibernating
RTL3830,160,3,7406.17,2,1,1,4,lost
RTL1349,50,6,19825.65,4,1,1,6,hibernating
RTL3666,281,2,558819.06,2,1,4,7,at risk
RTL3276,88,2,9531.8,3,1,1,5,hibernating
RTL3982,181,2,10446.54,2,1,1,4,lost
RTL2655,590,2,291.97,1,1,1,3,lost
RTL3469,279,2,6129.66,2,1,1,4,lost
RTL1382,489,3,12166.58,1,1,1,3,lost
RTL3580,209,3,10983.71,2,1,1,4,lost
RTL1538,50,2,3738.24,4,1,1,6,hibernating
RTL1020,333,1,6833.76,1,1,1,3,lost
RTL2839,291,2,4178.52,2,1,1,4,lost
RTL4489,308,1,1724.05,1,1,1,3,lost
RTL2816,336,1,3659.06,1,1,1,3,lost
RTL4402,334,2,5360.59,1,1,1,3,lost
RTL1932,270,5,27358.81,2,1,1,4,lost
RTL2198,220,1,13.63,2,1,1,4,lost
RTL4082,313,1,6262.1,1,1,1,3,lost
RTL3369,238,3,8748.07,2,1,1,4,lost
RTL4682,255,3,4998.15,2,1,1,4,lost
RTL2821,360,1,1463.95,1,1,1,3,lost
RTL2803,20,3,11644.59,4,1,1,6,hibernating
RTL3278,782,1,310154.4,1,1,4,6,hibernating
RTL4659,28,2,427.64,4,1,1,6,hibernating
RTL4245,241,2,14563.11,2,1,1,4,lost
RTL3542,259,2,7008.06,2,1,1,4,lost
RTL1156,180,2,15693.03,2,1,1,4,lost
RTL3958,223,5,30439.23,2,1,1,4,lost
RTL2356,535,1,410564.16,1,1,4,6,hibernating
RTL3406,676,2,11984.95,1,1,1,3,lost
RTL1582,531,3,10247.89,1,1,1,3,lost
RTL3682,305,1,4885.63,1,1,1,3,lost
RTL2584,136,1,126.55,3,1,1,5,hibernating
RTL3326,330,3,7884.52,1,1,1,3,lost
RTL3791,198,1,4576.51,2,1,1,4,lost
RTL1694,84,3,9921.48,3,1,1,5,hibernating
RTL4538,335,3,6020.64,1,1,1,3,lost
RTL2896,115,2,14138.97,3,1,1,5,hibernating
RTL3704,26,4,10139.95,4,1,1,6,hibernating
RTL3471,609,2,15472.27,1,1,1,3,lost
RTL3718,271,2,1653.36,2,1,1,4,lost
RTL4804,534,2,368.97,1,1,1,3,lost
RTL2546,167,2,3132.62,2,1,1,4,lost
RTL3244,16,3,4602.29,4,1,1,6,hibernating
RTL4863,163,4,42299.32,2,1,1,4,lost
RTL4036,204,6,26850.22,2,1,1,4,lost
RTL3027,607,1,2440.85,1,1,1,3,lost
RTL2713,393,1,14754.56,1,1,1,3,lost
RTL1729,295,1,2473.72,2,1,1,4,lost
RTL3849,830,1,343.16,1,1,1,3,lost
RTL1416,229,5,630014.73,2,1,4,7,at risk
RTL4345,38,5,25723.05,4,1,1,6,hibernating
RTL2216,105,9,24209.69,3,1,1,5,hibernating
RTL1087,21,4,15653.46,4,1,1,6,hibernating
RTL1402,159,2,10711.53,2,1,1,4,lost
RTL4049,75,1,1521.14,3,1,1,5,hibernating
RTL3059,186,7,34434.39,2,1,1,4,lost
RTL1372,100,4,18189.74,3,1,1,5,hibernating
RTL2079,409,3,14231.1,1,1,1,3,lost
RTL2220,344,3,11627.39,1,1,1,3,lost
RTL2686,309,2,7674.63,1,1,1,3,lost
RTL4535,62,3,16464.01,3,1,1,5,hibernating
RTL3543,514,2,8030.97,1,1,1,3,lost
RTL3340,297,2,12941.48,2,1,1,4,lost
RTL2532,397,3,12569.02,1,1,1,3,lost
RTL4186,129,5,236275.2,3,1,3,7,at risk
RTL1822,410,3,1621.2,1,1,1,3,lost
RTL3175,628,2,459.96,1,1,1,3,lost
RTL4991,356,2,3371.66,1,1,1,3,lost
RTL4883,112,5,11816.21,3,1,1,5,hibernating
RTL4713,614,1,1667.69,1,1,1,3,lost
RTL1232,353,1,605.95,1,1,1,3,lost
RTL2095,219,2,110869.48,2,1,3,6,hibernating
RTL1380,808,1,1900.54,1,1,1,3,lost
RTL1751,278,1,3120.69,2,1,1,4,lost
RTL4367,59,4,21540.66,3,1,1,5,hibernating
RTL1955,172,6,18179.13,2,1,1,4,lost
RTL2924,209,2,708.19,2,1,1,4,lost
RTL3675,773,1,1909.44,1,1,1,3,lost
RTL2699,34,1,489.79,4,1,1,6,hibernating
RTL3612,314,2,11820.56,1,1,1,3,lost
RTL3578,97,3,9100.66,3,1,1,5,hibernating
RTL2998,336,1,398.43,1,1,1,3,lost
RTL4105,534,2,17822.37,1,1,1,3,lost
RTL4224,207,1,989.25,2,1,1,4,lost
RTL1758,167,3,3536.75,2,1,1,4,lost
RTL2887,168,4,13909.55,2,1,1,4,lost
RTL2174,219,2,5265.8,2,1,1,4,lost
RTL2617,280,2,3511.47,2,1,1,4,lost
RTL3952,3,2,11230.33,4,1,1,6,hibernating
RTL3790,362,1,515.53,1,1,1,3,lost
RTL4195,349,1,1186.68,1,1,1,3,lost
RTL1013,360,2,8901.1,1,1,1,3,lost
RTL3227,458,2,6825.7,1,1,1,3,lost
RTL1630,622,1,56.8,1,1,1,3,lost
RTL4879,197,3,29894.04,2,1,1,4,lost
RTL4482,229,2,5923.29,2,1,1,4,lost
RTL4587,139,6,909555.42,3,1,4,8,at risk
RTL2360,409,1,10510.8,1,1,1,3,lost
RTL1901,139,1,5705.21,3,1,1,5,hibernating
RTL2652,319,2,8467.68,1,1,1,3,lost
RTL2550,128,2,24789.97,3,1,1,5,hibernating
RTL2269,202,3,4664.99,2,1,1,4,lost
RTL1295,134,1,854.03,3,1,1,5,hibernating
RTL2853,681,1,928.63,1,1,1,3,lost
RTL4577,4,5,9628.22,4,1,1,6,hibernating
RTL2084,818,1,983.24,1,1,1,3,lost
RTL1680,150,4,31301.7,3,1,1,5,hibernating
RTL2927,834,1,6516.32,1,1,1,3,lost
RTL3577,98,2,1830428.28,3,1,4,8,at risk
RTL2046,112,2,21594.92,3,1,1,5,hibernating
